source,target,weight
0,574,796.7233921321376
0,582,993.3149959868432
0,594,788.1425723720191
0,595,811.3395223355986
0,1409,722.7314000721802
0,1417,758.5342680756058
0,1424,656.920494692441
0,1434,964.6589875206404
0,1437,509.8469110935501
0,1487,650.190423210836
0,1501,87.20215703201447
0,1502,174.90092294368608
0,1606,77.51665231286174
0,1638,979.6222464101718
0,1777,903.0245272699116
0,1789,191.2477675034452
0,1790,213.4723860942896
0,1800,847.4452122806839
0,1892,963.4022832348973
0,1893,990.5559181653442
0,1915,163.1234971641827
0,1929,208.4094746387404
0,1930,158.44173114523875
0,1935,887.1417132348685
0,1936,915.6489767220276
0,2002,745.0264481751746
0,2003,704.9211576218809
0,2004,673.4346662716889
0,2005,735.7865994248327
0,2018,635.1659532565371
0,2205,941.0310529558892
0,2207,922.386643509588
0,2208,19.782647518184323
0,2209,101.2740863523205
0,2210,199.53815374007957
0,2279,906.7157921035348
0,2284,663.6611948823287
0,2285,645.7598983255527
0,2286,768.1101515110722
0,2287,671.8831578392098
0,2288,749.4547078869151
0,2290,733.4516712863822
0,2429,732.8775934816164
0,2450,795.367676699174
0,2451,818.320100389272
0,2452,783.2455200878356
0,2454,789.0400895387668
0,2457,517.7848782492192
0,2551,876.3773103054926
0,2555,792.4130055048015
0,2573,931.4381152753516
0,2574,861.9830893316125
0,2677,116.0606066652064
0,2792,681.3373040619942
0,3092,766.7078224311088
0,3188,441.5389640111928
0,4135,633.84242021649
0,4167,650.2839586094308
0,4180,722.0656096605104
0,4181,820.109529952979
0,4191,957.436826425644
0,4193,999.67075610314
0,4201,937.5609175728264
0,4202,962.4615312207382
0,4203,971.5852689950144
0,4293,784.4026903869229
0,4301,834.8042614584076
0,4302,827.7150481962399
0,4652,660.6530230344719
0,4653,662.5213346621493
0,4654,620.5679724145473
0,4655,638.7139328089081
0,4758,903.7375975872268
0,4759,927.0246822944496
0,4760,934.5860480383038
0,4761,909.0507598788108
0,4762,913.1290083537044
0,4763,438.4969894864112
0,4764,457.5462140899571
0,4765,549.1234408077495
0,4772,970.8918021315012
0,4774,986.6029393531268
0,4777,993.4924004886906
0,4778,972.8301082925052
0,4779,908.1580399864706
0,4780,903.2479182040354
0,4781,890.256524243963
0,4782,792.5002663496131
0,4783,933.3267521709
0,4784,912.000642424348
0,4785,905.0733266350504
0,4786,903.473427515866
0,5777,878.696364855608
0,5778,875.960447565087
0,5779,668.8307085996418
0,6179,742.9802448738255
0,6180,754.5062489670906
0,6181,786.7430711957695
0,6182,779.9377364447444
0,6184,388.8458021240104
0,6185,385.447422419836
0,6186,427.0599158247592
0,6187,480.7491223375922
0,6188,487.43333543059646
0,6189,492.8259148274175
0,6190,489.8504933026133
0,6196,607.829730743003
0,6197,301.6406253939141
0,6199,418.4422116640132
0,6200,437.381363430492
0,6201,529.9407097643846
0,6206,394.7995166156824
0,6216,631.7483453938029
0,6217,691.7194733987325
0,6218,508.318956743225
0,6219,500.8376382810043
0,6220,751.594616340485
0,6221,704.1784751435524
0,6222,569.3937345867863
0,6223,596.4426405618317
0,6224,426.0902666827868
0,6225,431.518506916583
0,6226,676.4492577329903
0,6228,683.8546308089915
0,6229,667.0700673936383
0,6230,667.2976069933612
0,6231,667.6769310668159
0,6232,686.2114215555737
0,6242,839.5270655854148
0,6243,852.1463039800925
0,6253,937.2655065666722
0,6254,943.68797755425
0,6255,679.811724620125
0,6256,934.613928524397
0,6257,675.1967293769685
0,6258,674.3878930147872
0,6259,673.6640055686504
0,6260,914.9364723043366
0,6261,667.4213774361734
0,6475,916.9335961034138
0,6476,898.9854833874108
0,6477,909.8477335650216
0,6480,935.4486161190129
0,6481,833.9829100907496
0,6482,780.4818504947488
0,6483,720.4590786523295
0,6484,692.4393814511567
0,6485,718.8122287527417
0,6486,693.1732359727305
0,6487,851.3462495979318
0,6488,777.782711467183
0,6489,844.2378393366905
0,6490,724.3510075506292
0,6491,718.4101193203314
0,6492,591.3459186694422
0,6493,638.2316381566437
0,6903,693.9808695309916
0,6973,694.3078052350655
0,6986,357.6515578474834
0,6987,195.04649833599828
0,6988,295.4011255648627
0,6989,386.7484118314513
0,6990,415.8208384443914
0,6991,496.57531250899854
0,6992,489.7196329033298
0,6993,416.8116973964831
0,6995,645.2257565708903
0,6996,651.2071370730085
0,6997,657.4535282377458
0,6998,669.7305642767202
0,6999,675.5094277414371
0,7000,693.9905699039844
0,7001,699.8508937171721
0,7002,705.3772101923472
0,7003,712.0626700104053
0,7394,780.4080044085462
0,7395,796.6700849296386
0,7398,977.8531972407916
0,7399,971.0354778482232
0,7400,918.6867588198174
0,7402,809.2112047788675
0,7403,944.5098190381718
0,7404,782.313426653976
0,7405,810.7839047577189
0,7406,764.2315394803724
0,7407,832.6129343688864
0,7408,721.3002130305642
0,7409,939.8869984575254
0,7410,895.5869542386469
0,7411,749.1250165225481
0,7412,752.6584734556959
0,7413,726.1634448062116
0,7414,715.7948181828447
0,7415,728.4195142901663
0,7416,973.7385909033112
0,8693,858.119255494498
0,9161,179.51508067184253
0,9162,38.42497641252072
0,9163,110.94252955202468
0,9164,137.89842294109198
0,9165,147.9710049135571
0,9166,121.42181932788635
0,9167,157.19606303553002
0,9168,133.9952172442952
0,9483,428.4145659481905
0,9517,305.9346490364195
0,9518,315.44597154946644
0,9519,310.8471823405488
0,9520,360.0748260524359
0,9521,408.0275152334042
0,9522,420.3189750264684
0,9523,440.1529497606772
0,9589,729.6215525031937
0,9591,698.991675804973
0,9788,155.29762596534604
0,9959,642.402358543369
0,10025,928.0676905206708
0,10216,973.3648758925868
0,10217,979.309901735956
0,10673,860.1358624035366
0,10674,879.1472332198731
0,10675,863.8150708836807
0,10681,644.5677549306891
0,10714,979.0680562542008
0,10715,977.2799025679676
0,10716,974.8469684157336
0,10717,926.5032513148584
0,10718,910.603312037351
0,10719,893.3037310982606
0,11064,916.5366426972968
0,11099,187.4833904776158
0,11176,829.255396624777
0,11178,564.181924948166
0,11414,98.47610225199548
0,11471,687.6641922657521
0,11472,640.4307515320534
0,11473,429.0479837211111
0,11475,387.56012815591913
0,11477,669.8306516780851
0,11478,403.3850573527284
0,11747,587.2232099419864
0,11803,427.5935125761999
0,11804,400.9764202936158
0,11805,872.3258837456083
0,11806,400.8121017228671
0,11807,407.4930551226113
0,11808,404.64729035726015
0,11809,426.7880526694896
0,11810,443.2220233773217
0,11811,429.8728856644689
0,11812,445.2204439532551
0,11813,441.4507556983621
0,11814,427.98759458087295
0,11815,411.3407142571921
0,11817,448.9423060896301
0,11818,454.90140370624175
0,11821,347.1693831798515
0,11829,159.73148547288233
0,11962,646.4061220884432
0,11963,641.4453831934001
0,12626,962.7376400110488
0,12627,943.4958442381768
0,12758,35.78091385042205
0,12759,203.8980378297208
0,12910,682.1921979246148
0,13110,711.2324043462739
0,13111,496.6414404949837
0,13140,469.5656284204226
0,13165,834.8325377079373
0,13166,643.1375254510908
0,13171,276.40391152694554
0,13230,876.4667667003055
0,13462,869.234727902523
0,13536,426.3482639086006
0,13537,425.5336583184479
0,13539,512.2309974700013
0,13540,499.3721813113243
0,13720,400.6354978150573
0,13733,915.3508609151156
0,13934,451.28966150672886
0,14131,758.2670166395797
0,14415,606.7529418131088
0,14704,428.8677128274979
0,15227,883.3034151694877
0,15228,911.4627980936576
0,15237,900.992099817062
0,15239,302.3230251267884
0,15240,524.5808816704779
0,15241,532.4194528951602
0,15274,493.8087655816835
0,15275,500.65878632906936
0,15323,465.7944276158497
0,15324,901.2723815723136
0,15325,468.3504679080161
0,15326,895.9745427031072
0,15329,564.9985504288987
0,15330,871.4932106587241
0,15331,676.7042892382995
0,15332,441.96787600377047
0,15339,644.9619736335072
0,15414,900.5019869775609
0,15763,781.3093430779744
0,15816,444.4397345038629
0,15817,760.1275739263579
0,15818,717.8920699328569
0,15936,644.7431195610783
0,15947,548.7129323356298
0,16017,445.229242131948
0,16089,876.136320856335
0,16090,875.614312914658
0,16091,875.3167358311053
0,16092,903.2636000438316
0,16093,903.0886853626791
0,16094,874.9959241718816
0,16095,876.2746819518918
0,16098,885.2209127060447
0,16099,452.0023733533473
0,16103,881.1550108389149
0,16105,405.17768163356936
0,16106,411.9884631207
0,16107,410.15440407166926
0,16108,413.3407460593554
0,16109,416.6458133064132
0,16110,415.2349847420404
0,16111,697.6715289431226
0,16114,693.7433517964524
0,16115,756.7221571736526
0,16116,923.2864106902944
0,16117,485.9295567826491
0,16118,482.38395877480855
0,16119,492.6896372586868
0,16120,479.0242906963961
0,16131,403.2061504466775
0,16201,915.032535520246
0,16202,918.4087414423216
0,16206,916.6398122707892
0,16264,443.2454838864927
0,16265,420.311114471271
0,16266,448.49826916129547
0,16267,445.6388768336183
0,16271,902.1390609584382
0,16282,981.2817751190336
0,16287,963.0923284348172
0,16339,875.161636802256
0,16344,998.5446834138806
0,16395,926.848024884046
0,16396,922.6977009080186
0,16822,959.9051071033166
0,16963,881.7112553079733
0,16964,888.8592129747684
0,16965,878.0091796005656
0,16966,887.6680373946067
0,16967,877.6406695139133
0,16968,876.7880951694317
0,16983,515.8158273863056
0,16984,513.193274743805
0,17096,383.8119474766267
0,17189,916.7589281668606
0,17231,517.0244098280671
0,17255,454.4838256849801
0,17256,492.8376155665161
0,17257,440.2883316814488
0,17271,896.1157972399833
0,17276,891.0413725170201
0,17281,939.385412652929
0,17283,897.806531431283
0,17287,895.2198214884605
0,17288,900.7141612236397
0,17297,984.1281481666424
0,17333,475.5277408441793
0,17334,516.8580355852048
0,17335,512.2880287785922
0,17336,545.0510025588577
0,17337,508.09172078907005
0,17338,504.0957705576104
0,17339,576.0523386566686
0,17340,542.8712774813981
0,17341,485.511365160821
0,17343,444.3686861826967
0,17375,243.26104294980823
0,17379,338.703031780371
0,17380,281.3866665552245
0,17381,429.2648273204688
0,17382,345.53313409097336
0,17456,920.4303876022057
0,17457,904.9533530973868
0,17464,625.0009842743864
0,17465,697.145843379771
0,17466,631.2638747196115
0,17483,507.85254605818267
0,17515,773.5504513058596
0,17516,696.294957720885
0,17517,710.5290477721817
0,17601,877.3579656452321
0,17637,906.0429784434024
0,17638,901.2503614524968
0,17640,900.6333812907742
0,17642,900.1666757589672
0,17643,987.5155323868726
0,17644,900.5551433731222
0,17645,982.845066927121
0,17646,977.573110848268
0,17647,908.8909554783812
0,17649,906.5849222672869
0,17650,955.0668622960784
0,17711,905.9266343518116
0,17726,907.5996667276992
0,17728,910.2935407461651
0,17794,956.6735990316604
0,17795,993.9960842656488
0,17799,908.1166095044636
0,17804,948.0890938643024
0,17868,979.7714065951347
0,18056,601.959972912129
0,18057,581.8168637834569
0,18058,598.1611668245235
0,18059,682.0045858870693
0,18060,591.8447222574194
0,18135,909.893380385234
0,18136,940.4598963919371
0,18137,901.712614788875
0,18138,902.7830413890454
0,18139,920.0303083286788
0,18140,921.2932208945156
0,18141,922.1918347060388
0,18142,969.4359017955204
0,18143,967.6569634457536
0,18321,957.5582439484912
0,18322,952.6151809065542
0,18323,812.286024074536
0,18324,830.3428645690503
0,18325,824.6929596398372
0,18326,853.3950004936503
0,18327,847.678995899535
0,18328,899.9617535857391
0,18329,933.1868737562844
0,18330,942.9741985841326
0,18331,947.7568720815608
0,18332,962.832698905822
0,18353,987.077475266854
0,18356,996.9326453890288
0,18516,551.4012689839401
0,18517,502.9085951672648
0,18525,785.1993834641305
0,18526,807.8461940319169
0,18560,886.0600825660844
0,18578,634.5492263194403
0,18579,534.6662205948563
0,18580,702.4183069727854
0,18585,661.3543864246953
0,18618,718.2143528929389
0,18619,569.6507073077706
0,18620,573.6583222364994
0,18621,789.4905102716426
0,18622,737.8026292944555
0,18623,437.7401085850447
0,18624,556.312651096407
0,18625,769.5381781778708
0,18626,565.1540202574304
0,18627,714.487083710161
0,18633,924.8764224773918
0,18634,959.9280744302508
0,18635,901.968435877219
0,18636,664.4092126765083
0,18639,935.5317715915052
0,18641,939.2727943146668
0,18642,909.1201349117928
0,18643,947.4504893739366
0,18645,831.6599738657884
0,18761,410.3463045446507
0,18762,619.8351567586062
0,18763,380.09848311247765
0,18803,539.6765008598765
0,18804,567.322857534234
0,18805,557.6860239355685
0,18806,509.2007405150194
0,18807,545.5461696610809
0,18808,852.6867632013914
0,18809,865.6697116558128
0,18810,841.6398513921771
0,18843,878.0989502236209
0,18845,913.261399138104
0,18883,447.3412797884618
0,18904,890.114723996587
0,18905,811.1632045483385
0,18906,867.0367449608922
0,18907,804.0087814834903
0,18908,773.451795856706
0,18932,434.1245623234802
0,18933,489.7656901685313
0,18934,319.737934497057
0,18935,402.5530299070582
0,18936,468.5714026899477
0,18938,391.2287191568437
0,18939,157.37438720556753
0,18942,314.3754470285337
0,18943,560.3263329945152
0,18944,516.657902647908
0,18945,357.2498781400286
0,18946,566.7800234720644
0,18947,548.4952967587222
0,18948,484.4663439020953
0,18949,466.7855327717888
0,18950,572.4849924150084
0,18951,553.964619764522
0,18952,535.9403549999197
0,18953,497.9179658174732
0,18954,506.1563686376245
0,18967,396.6564007666951
0,18968,426.9128870228183
0,18994,900.8592858708756
0,19016,896.4340959968569
0,19195,961.6976316280286
0,19198,838.3746010157305
0,19214,233.20091434981245
0,19215,302.73528447198987
0,19239,466.10205986323786
0,19246,593.5577587841974
0,19372,635.2610134637087
0,19373,635.2511460674054
0,19374,646.0567290200895
0,19375,684.6201305649416
0,19376,643.1198576965093
0,19377,635.1763120238655
0,19378,639.5846965086542
0,19379,635.0930671598722
0,19380,635.279781362139
0,19381,641.2696861512303
0,19382,633.3457023581112
0,19383,749.2895470427127
0,19384,770.5749764301261
0,19605,401.8119707717577
0,19609,491.59282812929473
0,19647,861.8701257780846
0,19814,934.8240146965916
0,19880,679.35330548759
0,20068,663.363443217021
0,20116,877.6220060668176
0,20144,879.5593911077204
0,20146,188.8305040958727
0,20147,212.94632510931385
0,20148,253.2135148598296
0,20152,761.6999545877902
0,20153,618.5470750715344
0,20154,747.8403263281701
0,20155,768.5405183566947
0,20156,715.9045391460588
0,20157,756.163981928031
0,20158,774.5942029977741
0,20159,957.126512193294
0,20160,843.9931998010185
0,20161,739.2018838981584
0,20163,961.8964311992078
0,20164,766.0692016707267
0,20198,900.2222443990628
0,20281,405.8851120678806
0,20282,388.8504192406789
0,20283,400.47763264701774
0,20475,966.8808830781986
0,20478,643.5850237349429
0,20479,642.3377007517598
0,20510,757.7575737405925
0,20561,525.4455165331731
0,20562,797.7002334564479
0,20563,815.8883744535652
0,20564,670.0717679978659
0,20565,542.5010925616598
0,20566,804.5501535059013
0,20567,733.0049120129622
0,20568,638.1388527694742
0,20569,554.916168238481
0,20570,530.9290475750348
0,20571,682.5741635289814
0,20572,784.9335928382596
0,20594,785.4828131485882
0,20595,354.6756074326681
0,20596,269.72765420290096
0,20597,391.3105387609657
0,20598,473.7413245306425
0,20602,462.9613176435773
0,20603,467.2612582038123
0,20794,937.484788996302
0,20795,938.9718407258596
0,20796,943.2700466904068
0,20797,949.8406252714468
0,20798,956.7351248881116
0,20799,968.8293260695016
0,20975,834.6537591605035
0,21023,816.4588488400024
0,21024,799.6302784150911
0,21025,828.6724066604438
0,21052,960.1760841374152
0,21356,435.800109652135
0,21357,655.9611688611336
0,21358,451.1676514842664
0,21359,341.6492903456584
0,21410,965.4800671678948
0,21559,736.4394358597461
0,21561,658.812555558097
0,21563,966.8727091532094
0,21566,782.9344304010148
0,21568,681.8509449382077
0,21570,988.23109213986
0,21573,856.6854657985372
0,21576,709.0527217183701
0,21579,918.970819483124
0,21657,535.6794696010933
0,21701,481.1411246061709
0,21753,879.3651703075735
0,21758,866.1601536949909
0,21800,910.9958971600232
0,21812,452.4124469951011
0,21813,470.255202468928
0,21814,304.9275359089808
0,21898,177.6418115723472
0,21899,635.262256635268
0,21900,642.7259839915207
0,21901,642.4998839198547
0,21903,700.1770432728163
0,21904,670.4921191185164
0,21905,740.4000173171311
0,21906,718.6292442932847
0,21907,704.857396211737
0,21908,662.5612593983864
0,21909,684.1053298059712
0,21910,669.0286921266645
0,21913,669.9247076837644
0,21914,682.1854204114624
0,21915,683.3718599853421
0,21916,679.9072513874908
0,21917,670.6534444572942
0,21925,900.7931023982396
0,21954,902.9594347733032
0,22080,121.49550875951824
0,22252,330.4838428856986
0,22253,448.83360839004297
0,22254,643.5573590501425
0,22255,483.24549301989833
0,22256,564.8446711668057
0,22257,387.5069244071776
0,22258,570.6505731511668
0,22259,677.7148906589155
0,22260,680.983461896603
0,22338,975.5244544958556
0,22434,93.02924498538069
0,22441,677.7417510665713
0,22443,786.5377923339868
0,22446,670.764956498534
0,22827,990.0102617471498
0,23071,167.25698186329453
0,23072,172.60648503921
0,23073,193.16517839692492
0,23134,524.7508609740779
0,23269,930.0856249895022
0,23270,927.4880986549156
0,23271,931.3480325531106
0,23461,326.8366796726221
0,23462,349.7995291677245
0,23463,380.8814028700304
0,23464,411.2315049401581
0,23465,471.68546518458913
0,23466,434.5543741741112
0,23467,852.3764421651748
0,23468,847.8345796947114
0,23469,835.1789061552206
0,23481,138.96182973845168
0,23733,882.6421688123235
0,23921,766.137822703208
0,23925,719.4557277749611
0,23957,172.69676699791293
0,23960,687.5306719234645
0,23961,665.6377127716399
0,23962,665.1069134541793
0,23963,675.4858126354742
0,23964,861.3557682938022
0,23965,882.8583880648674
0,23966,911.2517096924352
0,23967,845.4593357449733
0,23975,918.047959539986
0,24103,485.8957355016684
0,24122,883.7400496280482
0,24178,863.6820823652068
0,24476,504.8323475001157
0,24477,508.373990112195
0,24478,515.9751707283865
0,24479,512.403418852129
0,24500,872.6416976201438
0,24526,446.6650980294036
0,24527,168.13266673223455
0,24528,446.1647356327341
0,24529,448.5249936938576
0,24530,503.6972428763887
0,24531,582.561473669688
0,24532,567.5939618750741
0,24533,620.7998747888068
0,24534,575.2674442847987
0,24535,606.0432063791868
0,24536,550.9869293268384
0,24537,614.26109048938
0,24538,612.4018019809531
0,24539,502.530969403155
0,24540,608.7888023806229
0,24541,500.8086385291286
0,24542,497.8193224430967
0,24543,604.6752857221368
0,24548,638.0041227660596
0,24565,552.2720886213663
0,24566,148.6199839493213
0,24649,478.4910568453364
0,24653,808.6842137120261
0,24654,720.5747383915266
0,24655,500.3658157796477
0,24814,996.205517720598
0,24895,226.4342686970604
0,24896,228.68014883144363
0,24897,262.81292167268435
0,25464,829.4511587765453
0,25662,600.0596762995998
0,25663,599.3102723096147
0,25664,589.5713682496851
0,25665,504.3455539480086
0,25666,489.0841586814392
0,25667,503.0895523012321
0,25668,538.9552585642268
0,25669,583.3132374016851
0,25670,541.0815085985827
0,25739,938.0775098432212
0,25751,586.6548261879993
0,25836,588.8316512946865
0,25837,795.7328628209988
0,25838,798.839018687956
0,26447,414.2107974220064
0,26448,411.50233557580674
0,26714,63.81283639533428
0,26715,65.71227740617687
0,26716,68.03643823360453
0,26717,89.78732416833064
0,26718,91.27028005214618
0,26719,92.7256932112898
0,26720,157.88790804604406
0,26721,160.5320926924641
0,26916,913.2592019649578
0,26972,897.1697283616598
0,27419,965.0819978562512
0,27420,952.7626175842796
0,27421,953.2424125042191
0,27498,823.2018998148313
0,27698,845.2335894142471
0,27792,953.2741150404136
0,27796,724.0211910091368
0,27797,666.7871841938936
0,28028,225.4934126645203
0,28029,199.7325412422662
0,28030,208.08975870346907
0,28031,217.27184586322247
0,28032,394.7973334039859
0,28109,629.2197966279309
0,28811,196.86066365979352
0,28812,193.89641891606132
0,28813,160.84229140067615
0,29156,914.6736714354188
0,29158,906.5297852872028
0,29159,852.2108773980824
0,29166,713.981644656146
0,29631,826.2613634491604
0,29889,116.45907003505802
0,29890,148.20990723463404
0,29894,34.78636981080655
0,29895,164.79688942732807
0,29898,37.83056223092936
0,29899,179.62520126393537
0,29902,45.57566255887001
0,29905,57.03129440986329
0,29908,69.25591965844035
0,29911,85.59069537263404
0,29915,99.74727352380214
0,29918,120.1319155698502
0,29919,115.32059593442057
0,29922,118.27641052360391
0,29923,131.660838219324
0,30673,899.2102950054483
0,30888,438.26516070967966
0,30966,305.0086482884043
0,30967,318.64083891398195
0,30972,555.7437867433537
0,30974,934.4835454453232
0,30976,632.1511835798824
0,30977,792.8101206170395
0,30978,245.42378435567096
0,30979,98.51668349728769
0,30980,477.67598831387926
0,30981,540.9718945999975
0,30982,229.061791822576
0,30983,399.8146568298259
0,30984,776.415395932139
0,30985,619.9286740018666
0,30986,462.4353002502777
0,30987,949.0417000899148
0,31043,928.0098498157934
0,31217,901.23232239664
0,31235,608.8231733981166
0,31697,230.9342951044308
0,31698,302.52063310134656
0,31945,366.1352149963124
0,31946,362.11306739253865
0,31947,359.86049765688034
0,31948,364.0314159925225
0,31949,356.26100575662247
0,31950,357.9814695132612
0,31968,165.39891523841484
0,31969,161.76094121952306
0,31970,168.52217094548823
0,31971,170.347552931304
0,31972,839.5273024085833
0,31973,867.9656061076996
0,31978,704.1115798725165
0,32186,887.6535450197752
0,32359,914.1546807394068
0,32380,663.9852971961417
0,32632,957.844062453212
0,32633,671.501945697526
0,32634,680.1914337676099
0,32788,717.349255284102
0,32791,714.9701145152239
0,33090,726.8490992184892
0,33431,623.0510110076142
0,33433,606.2563739445536
0,33435,634.8419466612805
0,33436,601.3067219485098
0,33438,628.8284601755489
0,33666,837.5047119802415
0,34130,892.2804492617369
0,34256,963.4309806487568
0,34612,641.8615413322729
0,34647,899.8425684273947
0,34712,828.3451884392806
0,36685,806.6724096731788
0,36819,729.1282187775015
0,36820,650.0023009442717
0,36842,989.1800798544452
0,36843,783.6965060835538
0,37024,817.5016594705495
0,37025,816.0280297159826
0,37026,807.4094791011017
0,37027,809.3803109726539
0,37059,916.6102984986644
0,37127,797.9310144648302
0,37392,219.8624516570719
0,37551,532.3411612999283
0,37552,529.099153752325
0,37734,874.8031949378318
0,39585,546.5311430661656
0,39586,560.6556058723935
0,39587,938.8539999212874
0,39588,984.2178869224988
0,39591,994.6461852115574
0,41331,726.70471630262
0,41343,583.5710140233964
1,152,741.2819005977494
1,186,711.9754359092261
1,328,943.8989834697
1,330,246.1004926719249
1,515,729.4343241814058
1,516,848.9028975508122
1,517,710.3653806986015
1,684,997.8643032057976
1,695,483.5219595182933
1,1050,786.3732202634641
1,1051,431.6642219525758
1,1078,360.8085966547104
1,1085,785.8811729712313
1,1086,970.9888556904156
1,1094,816.4231603212598
1,1099,817.4053474135903
1,1274,964.0733179444152
1,1297,976.30660125791
1,1307,858.5201128564519
1,1351,759.179675479678
1,1355,695.8093798510178
1,1364,574.3847269159077
1,1367,249.57833663215712
1,1368,864.8646946038317
1,1381,714.4701204166557
1,1419,834.929920640837
1,1427,795.8038263966374
1,1443,684.4035244178541
1,1449,670.4136604571705
1,1453,696.2056054399701
1,1468,264.3591394405671
1,1469,251.4252044342511
1,1532,734.2738525281882
1,1565,540.7583992968654
1,1691,604.3148661579289
1,1692,844.377166042381
1,1693,786.349259777397
1,1694,945.0596842449592
1,1695,732.2609077942889
1,1696,687.7140866130331
1,1697,672.2562786328796
1,1698,655.0083134771361
1,1699,637.1393369045038
1,1700,554.6325413230207
1,1701,542.4944380023405
1,1702,535.9841121211401
1,1703,521.571393873634
1,1748,897.0318378116237
1,1762,96.25447679018912
1,1763,302.78070897659967
1,1766,648.9278653250793
1,1779,871.2870837810601
1,1781,765.5791432654743
1,1782,892.3104096868151
1,1783,900.2943365229063
1,1894,84.44250183042539
1,1932,918.8444804947125
1,1986,359.4808157343243
1,1987,687.254549229424
1,1988,466.6321820679578
1,1989,109.46240159308668
1,2024,260.0039748210192
1,2025,200.11650830822796
1,2026,175.34153515495342
1,2027,164.9451821433701
1,2028,194.21201454082583
1,2034,630.3821272536788
1,2075,703.1376226307358
1,2076,699.579239568355
1,2199,260.9735104033527
1,2243,848.8753798259814
1,2282,418.93082676369215
1,2316,841.968981523926
1,2503,916.7099657702088
1,2506,872.6419228885827
1,2587,413.3278424572027
1,2588,242.55604044526717
1,2606,823.1095964219866
1,2607,430.26544982432944
1,2609,777.7764237349787
1,2616,250.46912314294076
1,2621,258.6290905734601
1,2637,962.3456471244796
1,2640,835.665559660999
1,2641,628.3655302407299
1,2642,618.1445473880805
1,2644,745.2398861486574
1,2686,298.2942132949276
1,2728,869.7888309787616
1,2729,798.6154266003804
1,2860,81.9640230431116
1,2888,895.9708938225109
1,2930,456.40990972496496
1,2948,965.23220738912
1,2988,432.2964366033474
1,3037,325.09164697004155
1,3098,847.7855395016669
1,3100,747.3802799690151
1,3101,883.699837540025
1,3103,889.7104973573481
1,3104,945.6416405655756
1,3248,855.9120255097192
1,3268,937.7956166016126
1,3557,990.4040924752592
1,3674,355.0576526613136
1,3684,798.628014900888
1,3789,752.6873365509502
1,3791,753.4548136682243
1,3950,703.5886331398482
1,4012,466.2587309311008
1,4013,566.1603826418302
1,4014,516.852692396958
1,4015,531.5265642768098
1,4041,368.2789110590539
1,4044,727.1579668474014
1,4045,546.3797376582828
1,4046,777.9210143679601
1,4155,979.6385186475192
1,4161,940.4220257446732
1,4285,768.5423753144698
1,4287,270.10473824115934
1,4448,739.3131034718442
1,4449,731.8409321054706
1,4450,816.6441110542772
1,4451,824.4529976811147
1,4452,847.0113891133478
1,4453,867.9103199679059
1,4454,924.4621013434474
1,4455,640.6573980415533
1,4456,508.3409788605532
1,4457,628.3879068770677
1,4458,677.7278525151064
1,4459,934.538525302354
1,4460,676.4940421749433
1,4461,449.7179448796053
1,4462,563.5210087296963
1,4463,842.6154147036093
1,4464,997.78352131085
1,4465,887.4820021423567
1,4466,402.7602508990943
1,4467,405.09428986189306
1,4468,561.1563983827901
1,4469,263.40529299303347
1,4470,223.07074544457507
1,4471,255.71514069450697
1,4472,305.2195371366625
1,4473,396.64133834887474
1,4474,434.7672332789608
1,4475,457.094500510169
1,4504,895.121916717486
1,4505,998.8158018883912
1,4536,217.38754001511785
1,4537,228.6456837505058
1,4538,295.79713911332635
1,4539,325.43652841766374
1,4540,173.45891860466813
1,4541,133.37160525169554
1,4542,342.299722488991
1,4543,88.04847508250482
1,4544,226.7236708408961
1,4545,217.1227915390043
1,4546,193.3054640070487
1,4547,228.50683508173964
1,4548,237.1510604198884
1,4549,262.405619876437
1,4550,121.54949339787905
1,4551,214.4790384214473
1,4552,55.34886151734915
1,4553,72.90662000937947
1,4554,167.0220775020218
1,4555,85.58328767552193
1,4556,57.05343277554407
1,4557,77.60278194391788
1,4558,192.1169345535943
1,4559,133.39888736262412
1,4560,409.28279405190847
1,4561,425.35327466860207
1,4562,396.3976333168013
1,4563,446.03325152443546
1,4564,230.1296650101669
1,4565,350.12351731894546
1,4566,448.67026436770266
1,4567,437.4207430668728
1,4568,442.8508936181846
1,4569,349.6328157052205
1,4570,503.8957042206813
1,4571,383.0378260852668
1,4572,315.74835029148574
1,4573,318.1825002436838
1,4574,345.01084836881483
1,4575,392.58085696892607
1,4600,481.6398024935887
1,4750,579.2495083824559
1,4751,642.9609957947113
1,4752,623.9444633973765
1,4753,731.1333750788828
1,4766,802.2399575811023
1,4767,696.1541208150649
1,4768,788.5322404403886
1,4769,943.3677998490086
1,4830,872.662267141089
1,4971,675.1455085297043
1,4972,607.69617919664
1,5257,715.0663002964535
1,5258,714.3379856490635
1,5259,775.0533443736069
1,5260,786.7799014872345
1,5261,514.9297508701768
1,5262,391.9305858923761
1,5263,383.5273329553913
1,5264,573.2963993457495
1,5265,520.0512066274094
1,5266,501.889818224591
1,5267,495.2671865852336
1,5268,488.9848865049729
1,5269,503.41600339849714
1,5270,497.3615847791009
1,5271,607.3978502583733
1,5272,526.876007507019
1,5273,370.7784954940996
1,5274,584.1982345036471
1,5275,577.0136990025982
1,5276,570.5675040276394
1,5277,454.6753613959058
1,5278,493.9584353166354
1,5279,492.11776582895885
1,5280,485.5570935771474
1,5281,483.99181954758086
1,5282,456.56274815482
1,5283,447.75149303867016
1,5284,448.0384903344597
1,5285,448.7647135300334
1,5286,411.1550166979487
1,5287,318.8764890439135
1,5288,288.22445798523813
1,5289,658.0033871719338
1,5290,811.350773897327
1,5291,734.0481799599679
1,5292,727.1780858474347
1,5293,724.8348783592796
1,5294,705.7060130683296
1,5295,699.945725205645
1,5296,619.0036648226487
1,5297,623.5987905022628
1,5298,822.7057529711301
1,5299,801.3956300582822
1,5300,797.0974211298985
1,5301,806.0212899739462
1,5302,726.967547916369
1,5303,854.0453476846641
1,5304,834.0447694778214
1,5305,818.7288850689256
1,5306,836.3365728734586
1,5307,836.5996024482307
1,5308,847.6684921594536
1,5309,853.9991672866294
1,5310,720.7042145378016
1,5312,905.8777609628074
1,5315,894.3480355110385
1,5634,621.2034090974197
1,5657,469.04720356796633
1,5658,549.1675299609876
1,5659,300.275875456818
1,5660,548.234788782439
1,5661,592.9088313006549
1,5662,606.8402906930152
1,5663,945.4670345158409
1,5664,839.3972445932012
1,5665,874.5094780219129
1,5666,824.7814023600291
1,5667,847.126750706478
1,5668,640.7873345806158
1,5669,637.0410311001439
1,5670,915.3733324231132
1,5671,922.266362165878
1,5672,975.1281435049312
1,5673,846.2686632573436
1,5674,876.9151881013736
1,5711,710.270657998126
1,5712,720.2636495205608
1,5713,592.4157812059531
1,5714,581.5727622062152
1,5715,641.9240772619644
1,5716,646.8150282272221
1,5717,629.6360405747224
1,5718,608.440094092686
1,5719,624.6072867254323
1,5720,627.3368256255882
1,5721,632.7045185013551
1,5722,549.7522152780026
1,5723,537.0301067068115
1,5724,655.0110848080102
1,5725,629.4984185277273
1,5726,661.619712685316
1,5727,643.3407349636725
1,5728,646.8551163852086
1,5729,650.0820385131406
1,5730,698.9962718065439
1,5731,693.4928979386216
1,5732,691.6483855204202
1,5733,688.437742906812
1,5734,681.1079442939935
1,5735,669.4921304996192
1,5736,658.4542709209435
1,5737,633.218411785932
1,5738,591.2766541667779
1,5739,678.5713538529388
1,5740,456.7287744048864
1,5741,491.219592190618
1,5742,484.3398469190167
1,5743,467.9624835742896
1,5744,649.9273922417256
1,5745,635.332821173967
1,5746,578.7879808628711
1,5747,559.5701659321448
1,5748,557.9580275978778
1,5749,648.2365204867241
1,5750,613.1359083199567
1,5751,645.505354988704
1,5752,832.0393202657425
1,5753,791.1961121996673
1,5754,725.4499510811269
1,5755,712.4573169973796
1,5756,690.4984997314423
1,5757,792.9500474637515
1,5758,657.1125746679991
1,5759,759.1891052257391
1,5784,986.9521054509444
1,5785,595.9175220223012
1,5786,728.0104937072463
1,5787,883.223179049676
1,5788,580.3098264392332
1,5789,568.9317794325361
1,5790,519.2973595084925
1,5893,890.5929562609357
1,5894,963.775265975145
1,5895,827.0608892377164
1,5896,744.2559870573094
1,5897,907.498123733807
1,5898,810.1919508038917
1,5899,802.7052789364506
1,5900,718.335849956374
1,5901,723.1386381633249
1,5902,772.3188333529939
1,5903,765.4153357929304
1,5904,976.2426432780508
1,5905,843.4928658834893
1,5906,809.5910575442649
1,5907,795.6448968660509
1,5908,849.2440944600467
1,5909,851.3234358225196
1,5910,839.2827330152735
1,5912,964.5537174819808
1,5913,955.7904406817372
1,6425,730.3909396449725
1,6426,746.5458644846104
1,6427,655.0143701897997
1,6428,746.350844584516
1,6429,730.5390058173682
1,6430,596.334489304631
1,6431,578.5861558297403
1,6432,30.36558187897913
1,6435,558.3686190616162
1,6436,732.1455769139229
1,6438,737.2925147139666
1,6439,683.5972536124264
1,6440,578.1891516212434
1,6441,30.39645221184833
1,6777,303.5296338529419
1,6952,704.1038293622673
1,6954,306.1863814398628
1,7143,611.8416517220796
1,7148,652.9853315461437
1,7151,628.0877075424189
1,7152,638.8987991937382
1,7153,607.2172820183716
1,7155,603.8534501024378
1,7532,592.5765021423093
1,7533,589.4755782504582
1,7534,681.4337957097283
1,7535,739.5208840021796
1,8161,922.9769521435624
1,8162,955.3278883373176
1,8163,940.3259773668508
1,8164,951.4581047562784
1,8172,926.7043971533672
1,8173,922.6803224550032
1,8174,921.3282056975038
1,8175,915.6699778720794
1,9021,924.0915840822494
1,9022,543.3118112179374
1,9023,758.6685671608025
1,9024,490.788301864433
1,9025,486.462347868845
1,9033,518.5665674664308
1,9056,717.4549156885016
1,9057,884.2231210537099
1,9058,868.604204778504
1,9105,893.3679575576842
1,9108,815.6598609379512
1,9113,589.0613687822001
1,9157,371.9943272328143
1,9174,781.6340565845621
1,9356,880.3167870189219
1,9375,433.5786570258295
1,9448,885.5416554088787
1,9449,895.5541770242259
1,9450,887.6270040634447
1,9451,889.023231455112
1,9452,893.7030507035678
1,9453,917.7550029783228
1,9585,892.4768729445045
1,9586,859.5481926798602
1,9587,904.2639779391328
1,9590,178.0276810301592
1,9592,147.0511331412594
1,9593,139.12678777759876
1,9594,875.0276348890636
1,9595,903.8183286111174
1,9596,898.6468009480262
1,9600,845.6808668462818
1,9613,913.6539953968742
1,9614,723.5229016837218
1,9615,734.2356967978839
1,9664,471.4135069961957
1,9682,945.2034074510116
1,9793,903.2206138783982
1,9860,359.113307020132
1,9933,830.1428918516928
1,9934,838.5872549098501
1,10004,752.5146574326244
1,10008,192.07829303450544
1,10014,539.2815271420455
1,10015,101.46936754445422
1,10016,682.0168761167974
1,10017,808.6919726637076
1,10018,933.1522166402524
1,10069,618.0925432573672
1,10070,761.8808350097352
1,10071,724.129410342067
1,10072,739.6047987748266
1,10073,653.0017810693346
1,10079,685.1913507407656
1,10110,326.318907492674
1,10119,55.22688793454935
1,10120,481.4828925455272
1,10121,870.6758364435381
1,10122,499.99435044479367
1,10123,253.268934781618
1,10125,229.2769366988992
1,10127,381.1056763160131
1,10176,754.0894333431095
1,10288,497.93264918827697
1,10325,529.7474149677004
1,10326,584.7182585661938
1,10336,816.8490401802774
1,10337,952.8323513444326
1,10346,767.2442353180485
1,10377,882.420155156843
1,10381,932.3102058161496
1,10387,153.91692708525574
1,10403,985.2528319372914
1,10420,719.5360065083203
1,10431,941.388264139734
1,10436,845.2139723581815
1,10454,654.7063109573983
1,10457,674.7107778503685
1,10458,873.2770744872264
1,10461,784.7069921950713
1,10477,332.3283498678696
1,10479,656.6291082275716
1,10488,980.4307415384076
1,10492,427.8125606745226
1,10501,701.5798339017464
1,10506,321.0527253195204
1,10507,764.2631601034476
1,10512,822.6547240571738
1,10518,498.7654919759054
1,10527,460.9345183961974
1,10535,334.56932551829595
1,10563,604.8409482991837
1,10571,927.4794760792896
1,10580,616.5475033283565
1,10584,857.5359227624508
1,10639,791.3156320198362
1,10640,884.2699032525915
1,10642,928.5758336798596
1,10799,988.230702855658
1,10885,919.7467260741962
1,10892,992.6461587061156
1,10893,795.650880907042
1,10894,802.1605658393971
1,10900,477.4895042983918
1,11037,611.2206451530659
1,11038,779.3613134780485
1,11039,773.8539460629917
1,11040,623.7002184599135
1,11041,612.8853647552763
1,11072,726.2021530910133
1,11111,673.125962578011
1,11132,436.0471408794298
1,11162,361.681395325508
1,11165,728.8350041012657
1,11166,790.6024929574116
1,11241,809.0285424956702
1,11242,812.0621293255988
1,11257,367.2582687209604
1,11280,818.1587678154964
1,11281,821.7686432837694
1,11282,816.2603273095856
1,11283,823.8685586352201
1,11288,141.0797770196518
1,11290,466.6629695959549
1,11294,245.154613537047
1,11296,212.61752562466543
1,11297,426.3201660823094
1,11339,783.3312149417428
1,11340,530.5938299071197
1,11344,741.9193037044
1,11366,898.5212286645888
1,11367,899.9537540955578
1,11485,859.9765381404422
1,11486,743.5549394889156
1,11487,713.5042744429728
1,11489,968.5079955953782
1,11535,764.2183023228645
1,11536,941.2782653691085
1,11537,434.17079217931
1,11538,138.21557053360883
1,11566,916.6355455828304
1,11569,750.3253421351875
1,11574,437.34158200889925
1,11589,411.80798918180864
1,11598,608.4987068297705
1,11606,907.00705105867
1,11622,999.2265898607872
1,11645,916.59244036934
1,11646,832.8934562642942
1,11650,784.1910506914925
1,11651,783.3818703901895
1,11690,833.508651525235
1,11692,763.2441479934987
1,11693,817.5642934766296
1,11706,838.5244751507342
1,11732,799.2681759614095
1,11733,902.537622287274
1,11735,235.7608965777356
1,11737,356.297277230753
1,11782,214.7969623451862
1,11820,511.24448584454416
1,11822,52.06128371383736
1,11823,399.8455684362213
1,11824,255.6680293589629
1,11825,212.77501375865916
1,11826,192.5613405436741
1,11837,259.8058365343969
1,11841,841.5606999745562
1,11842,537.7637873555127
1,11847,991.4797623393856
1,11849,548.9733686442657
1,11859,937.5023399707782
1,11860,749.9866083068066
1,11861,473.53026370570376
1,11864,308.8364049097601
1,11885,944.198331835211
1,11887,241.05515716165016
1,11888,364.88646998045925
1,11889,876.2667588098362
1,11896,749.0883106410139
1,11923,222.85527585936848
1,11928,916.1521879688598
1,11931,899.6669212786072
1,11954,576.3121729523776
1,11955,738.9262137966605
1,11969,934.8320579213251
1,12005,922.0395970477088
1,12019,861.1367338613343
1,12073,891.685675487831
1,12074,948.7542055665202
1,12075,887.7026592126649
1,12094,947.1865285010412
1,12102,417.6225099204909
1,12149,474.5817971170901
1,12155,806.2965397438035
1,12158,641.1486973846305
1,12159,806.9842196239764
1,12188,993.6604041535788
1,12189,997.2428434527976
1,12203,158.11254086105572
1,12204,139.5076784813267
1,12205,319.3207067478454
1,12212,577.2149844003039
1,12214,916.2897197166684
1,12215,991.9824699130492
1,12219,607.5251937648824
1,12220,767.0654074265915
1,12230,346.9164050751072
1,12257,475.824593814998
1,12369,663.4302248065585
1,12370,863.9814020902771
1,12372,474.257541243429
1,12385,459.2056674289277
1,12388,682.4747685801299
1,12390,863.6738602832096
1,12393,803.6289920387235
1,12395,521.3140845861747
1,12404,818.2457689995184
1,12408,317.5935232174405
1,12409,645.2694017814116
1,12438,827.8905405948713
1,12447,339.4242031033209
1,12450,268.74616301880087
1,12451,855.8665315323891
1,12461,828.5746164514157
1,12473,88.57178229257846
1,12477,410.3736484241078
1,12480,481.94365592244833
1,12485,835.5338696158847
1,12496,600.4375202775444
1,12505,363.14671672647495
1,12511,890.3058286124426
1,12518,931.5330664019784
1,12521,276.6632822396748
1,12524,894.3449953296326
1,12560,282.29744068594835
1,12561,306.1653608021324
1,12581,385.8622067369714
1,12586,476.6755452700564
1,12596,825.2176601566649
1,12598,387.0723604899397
1,12608,814.9223330686867
1,12612,553.7989876753104
1,12642,954.4921767161624
1,12643,943.5862037068962
1,12644,937.1678598592836
1,12645,931.5584884227686
1,12646,838.2292306597
1,12647,840.0465378419033
1,12648,907.512082389353
1,12649,820.225623804887
1,12650,745.1618584874151
1,12651,809.3599407552509
1,12652,805.9093803986466
1,12653,720.2762408405072
1,12655,970.1917800861736
1,12656,973.1295536273432
1,12657,977.0584757155056
1,12658,913.6118478072268
1,12675,974.366200530939
1,12680,389.4296691301298
1,12691,593.4992359324384
1,12707,239.7706160258714
1,12708,306.95277241844707
1,12726,511.2706940245897
1,12728,516.2233391662777
1,12730,202.8026557371745
1,12732,402.6036746648759
1,12733,369.2978219290597
1,12734,236.13169446629703
1,12735,522.1286168822663
1,12736,559.2851071649518
1,12737,540.9287567655664
1,12738,544.5857185679746
1,12739,528.8943453716212
1,12740,550.1697864226808
1,12747,746.5628378229338
1,12760,873.0870717477144
1,12778,313.1920537386972
1,12779,161.10813412132725
1,12780,189.06361430735683
1,12781,244.91685650855624
1,12782,302.3498721226537
1,12799,452.6846984534527
1,12806,340.72485714190134
1,12807,107.47196903701708
1,12808,171.7382987971714
1,12809,183.7559019468497
1,12810,215.85419219898077
1,12811,232.0350977232434
1,12861,78.39154663109747
1,12866,482.3375102040384
1,12923,841.2125430747382
1,12936,407.58634815364815
1,12937,187.1763582946312
1,12938,193.34099018693053
1,12950,549.3763889754526
1,12959,142.74371307302107
1,12971,406.4130213690596
1,12972,349.0258698239967
1,12980,541.5422012555653
1,12985,872.8384960788865
1,12986,874.4292953585041
1,12987,900.1303257610283
1,12988,873.2240832724976
1,13000,399.15664080518377
1,13001,539.826655145234
1,13003,868.7923985869782
1,13004,813.0862660506807
1,13014,884.3197917940021
1,13018,691.441399448104
1,13061,528.7969504898086
1,13062,522.4092967624025
1,13077,495.0816750454032
1,13078,941.5450869791388
1,13084,232.9507466568224
1,13088,241.4115127083397
1,13102,206.49039153667016
1,13147,306.3228103943873
1,13153,974.4362531359563
1,13163,918.2454692009088
1,13174,418.2294921005226
1,13176,907.1227233152966
1,13177,843.3291632396144
1,13181,718.1453684911229
1,13186,878.3248543630802
1,13188,821.1856277918704
1,13189,920.3471440039276
1,13191,412.0323239247495
1,13192,432.1471533562842
1,13193,910.2393075860388
1,13253,695.907201556008
1,13258,507.26023509554784
1,13259,935.6665245419672
1,13261,238.03509290106035
1,13263,203.46740860495711
1,13266,411.3079477888113
1,13267,797.795648147383
1,13283,269.12661761265264
1,13285,112.75651185854268
1,13287,913.052709249009
1,13290,663.4266246389151
1,13302,707.2172147131918
1,13305,880.5007001679526
1,13315,355.01274860229216
1,13318,458.66581793299633
1,13376,865.8249591822403
1,13382,440.023409600796
1,13383,777.2293367292411
1,13391,651.9980694423019
1,13396,569.129034700551
1,13397,773.1596017876233
1,13422,256.7574729281561
1,13440,630.3272143555615
1,13441,894.8009413645254
1,13442,755.4823899169888
1,13489,575.3293349234083
1,13558,769.1244378457668
1,13576,241.22506412350148
1,13596,541.7680456037967
1,13612,551.2589321672044
1,13723,351.24089765008307
1,13731,880.4829677854532
1,13775,916.5392210665676
1,13791,732.3123977248025
1,13792,270.56519183266226
1,13793,748.9147896359179
1,13796,906.9247721889338
1,13821,580.3608955668294
1,13823,524.0923388907055
1,13914,914.790210721396
1,13915,970.1091005524706
1,13919,337.3962165580461
1,13954,799.2097301769331
1,14089,537.1162913107312
1,14117,658.3299860064058
1,14118,537.4068177615311
1,14133,342.54997201358367
1,14134,303.9706923969519
1,14151,137.31161506947944
1,14253,574.6591534182261
1,14254,801.1303897333192
1,14255,756.2067934082689
1,14256,951.0998548620724
1,14257,893.0216293900769
1,14262,645.2505846882802
1,14269,36.64271420890096
1,14270,323.3741670938709
1,14288,300.42574439021485
1,14293,435.020713754996
1,14304,488.0397167318058
1,14365,765.5014723202372
1,14429,406.4787279652728
1,14430,758.0394837164804
1,14500,390.0319055644336
1,14501,162.2515137150987
1,14502,263.92660586250526
1,14508,229.21259608081905
1,14509,992.7391987239208
1,14554,406.0984216361404
1,14556,728.990405386756
1,14579,534.5638341026436
1,14581,605.3314641192975
1,14588,325.91943234636403
1,14616,608.4098649277241
1,14617,281.91444114820206
1,14648,644.2847453565658
1,14779,123.14407953804032
1,14780,149.24167016214068
1,14781,171.64342505272066
1,14971,800.2489328761607
1,15033,736.246354420205
1,15034,499.4217452594462
1,15035,367.9079742536433
1,15036,348.4039355996595
1,15037,374.6345249901775
1,15038,997.8840661823282
1,15039,570.5600220053858
1,15069,937.4933730160938
1,15079,891.2390630191501
1,15125,381.9079191053471
1,15127,146.69282651874326
1,15128,288.41233228221506
1,15129,211.4294968117694
1,15130,270.2377444194365
1,15282,793.7988164411
1,15284,437.9306654607584
1,15285,201.77104280528104
1,15333,969.699283754239
1,15409,936.9565269541948
1,15411,943.9332420194085
1,15437,733.6697987876897
1,15477,838.284256918542
1,15478,485.8372875183127
1,15483,995.6602215804396
1,15494,701.5709828942613
1,15615,655.9260311418877
1,15616,541.7366633947652
1,15656,892.3272637549595
1,15657,970.5767244368787
1,15658,986.9081362288172
1,15659,870.8690828445503
1,15660,877.673207488015
1,15661,951.7660223369256
1,15663,866.7617053030065
1,15664,898.8958295459482
1,15665,861.356984647846
1,15666,904.8355634838916
1,15667,891.4563031248646
1,15668,893.6943316910654
1,15669,990.277486982014
1,15670,874.7319020231467
1,15671,901.0903981911084
1,15672,885.0241242351533
1,15673,895.1786946145263
1,15675,889.4923370279863
1,15676,914.1395649334142
1,15678,889.2823726983374
1,15679,943.234278135854
1,15680,919.238602097502
1,15681,906.1510390309724
1,15682,877.0014731116509
1,15683,968.8993549036862
1,15684,908.7490395537772
1,15685,902.093702088789
1,15686,885.8788180227748
1,15687,911.7337653060832
1,15688,610.0575871759866
1,15705,518.5790381404573
1,15708,770.7466848190513
1,15709,646.7024472803323
1,15723,326.40688390440954
1,15725,247.9827071424617
1,15726,718.4299983688928
1,15728,574.9018348310913
1,15729,399.7389033067195
1,15730,630.1718618557765
1,15731,744.5507776057456
1,15733,457.2494025409016
1,15734,832.3533832430787
1,15735,427.61356389834106
1,15736,486.1160771495903
1,15737,430.4764379492107
1,15738,879.6363557978742
1,15739,858.717941447005
1,15740,924.7072304848464
1,15742,878.6398959314445
1,15743,998.8709616173868
1,15756,922.8431598835816
1,15842,685.4959811967727
1,15843,704.0774657671651
1,15844,443.4255040048197
1,15845,575.3895712337367
1,15846,467.8052983144728
1,15847,631.9906071544823
1,15848,402.4039730645409
1,15849,411.83947950581074
1,15850,329.705491930089
1,15851,406.0739157490015
1,15852,745.3559618906147
1,15853,246.79624291649773
1,15854,302.8670847778779
1,15855,679.7174039570358
1,15856,425.98563588435206
1,15857,656.1441738269591
1,15858,805.2650043693909
1,15859,777.5836318717522
1,15907,183.77014494029012
1,15925,723.4609123024536
1,15932,902.8503288039756
1,15934,134.0046441223057
1,15935,590.7166346202383
1,15960,593.0069677847728
1,15961,627.5441186355634
1,15963,764.6158707633166
1,15980,433.11418298341584
1,16024,799.1643155304188
1,16026,853.0581448980986
1,16027,510.4308641073096
1,16037,605.9100647724588
1,16277,775.0972518764703
1,16284,814.5395521500787
1,16411,103.73359587087734
1,16437,315.7182810658131
1,16438,390.5282401776847
1,16467,615.3525620023051
1,16480,676.7046045080812
1,16537,979.6879825329652
1,16541,313.35251454825107
1,16569,313.0789119445297
1,16572,687.5010236249169
1,16576,987.2863663390692
1,16577,581.6093560783801
1,16584,910.171436063748
1,16596,706.0389391820261
1,16606,853.5110847225046
1,16609,671.3416028349812
1,16610,939.5380148542032
1,16640,918.0702924231026
1,16759,534.7703481877004
1,16767,847.4540257895277
1,16773,886.0561444637563
1,16774,623.7419609826974
1,16775,621.2042372508381
1,16818,803.4481825546396
1,16829,308.97325787981697
1,16926,825.8998094698322
1,16927,750.6250435084727
1,16941,938.1852057133092
1,16945,833.0337237159359
1,16970,878.8652816415376
1,16978,384.2197731194117
1,17054,905.4294775354996
1,17067,486.12713513641256
1,17080,963.56119644929
1,17215,991.3359148855274
1,17259,393.2478288864156
1,17286,774.784663362078
1,17289,602.9080745164096
1,17290,603.8225739114451
1,17291,572.5497501512165
1,17292,621.4300277399144
1,17293,603.5665719271866
1,17296,617.0810085734057
1,17299,638.8490621329705
1,17300,540.0618576699154
1,17301,511.8362933829226
1,17302,501.7124259686079
1,17303,500.5370087066924
1,17304,497.3747256101612
1,17307,598.9987866044661
1,17308,663.9387651522557
1,17309,669.4089047857954
1,17312,777.1553676376536
1,17314,753.2151359111627
1,17315,717.3750534795852
1,17316,397.42965905545
1,17317,389.2303264289701
1,17318,388.1949853921117
1,17319,383.6091562396928
1,17374,114.4655202341536
1,17376,54.13160602705175
1,17377,59.706214132645016
1,17378,182.2219082109827
1,17400,905.5478755466064
1,17401,857.7980171794807
1,17402,822.0991045440597
1,17426,441.6685594559684
1,17444,516.4054575755194
1,17558,965.1912481418912
1,17559,972.51398620486
1,17602,618.2075404346041
1,17661,701.1982324096924
1,17662,749.9160210243725
1,17791,751.3085550280747
1,17953,966.3272679439564
1,17961,697.7554098590776
1,17985,465.370922077749
1,17997,566.7564596637288
1,17998,668.8911438509018
1,17999,677.7858482287812
1,18000,698.6949893910436
1,18001,769.051818030071
1,18102,933.2213372799451
1,18179,789.9629511998477
1,18209,416.7189428221925
1,18235,464.0172694117457
1,18247,718.7747561534873
1,18248,868.4839708671221
1,18276,368.4828226944792
1,18277,378.741599475652
1,18278,242.9616561839561
1,18279,249.6044950669589
1,18315,755.6090832577878
1,18341,855.8740822388803
1,18342,855.442571919927
1,18349,421.5723890322427
1,18370,922.4566594091405
1,18371,923.5142546465654
1,18373,333.7970584266775
1,18374,392.1542496243089
1,18377,883.8430343368722
1,18392,202.98509455624352
1,18393,388.9278196449616
1,18397,566.1436706213956
1,18420,702.5811344545589
1,18421,664.9013400935952
1,18422,697.5875215861298
1,18466,376.903996305775
1,18467,385.3853885376557
1,18468,370.4694442941321
1,18469,425.3051087746894
1,18506,119.76004081994743
1,18594,348.87545573504616
1,18797,565.5937801926664
1,18882,594.5375633825914
1,18884,453.4674808326823
1,18886,319.8062228834583
1,18898,3.355329214808214
1,18909,411.89048050266376
1,18910,416.29167047765264
1,18913,402.8531801201985
1,18914,468.2029113889736
1,18915,374.3014290389798
1,18916,531.1658278206713
1,18937,532.2417401695725
1,19098,950.3995735115388
1,19099,948.3190054496532
1,19100,901.6801456106708
1,19142,647.9546105399982
1,19161,699.8526056574543
1,19207,86.21737150066343
1,19363,650.6487377143811
1,19387,226.1507672112219
1,19441,296.7844563737491
1,19442,930.3843906278923
1,19443,905.0652422850262
1,19446,838.6105744634506
1,19447,472.9302978800982
1,19501,88.71956857661725
1,19562,980.3208156999464
1,19563,893.0166338127917
1,19678,618.6012504163748
1,19686,319.20250285917643
1,19695,313.8700980740896
1,19696,298.7533689596173
1,19742,126.79874726339744
1,19746,485.7161369183975
1,19747,488.689979495152
1,19750,495.2839676575636
1,19751,455.3891773659164
1,19752,511.9454749288523
1,19753,539.7694954640457
1,19759,461.2979439932904
1,19760,461.1894284903185
1,19761,673.2245704866996
1,19762,345.1431708015398
1,19763,859.5010286794067
1,19767,448.4533407326627
1,19793,552.1497354205533
1,19802,382.4436247100323
1,19803,406.1251430353181
1,19804,417.688087485871
1,19807,441.5940013910852
1,19830,653.1599046510819
1,19847,727.4910631805212
1,19848,447.8230399070586
1,19873,137.14976113552632
1,20031,216.4375746122946
1,20070,877.3824282344115
1,20223,885.3404635536386
1,20237,327.0252486089193
1,20254,376.42062264496514
1,20255,331.867562380773
1,20256,752.6365648271768
1,20262,721.0134976454844
1,20278,595.7080157863031
1,20279,610.5903764039507
1,20280,596.0763938424572
1,20324,973.469267010396
1,20344,966.879695220475
1,20411,572.9688522403752
1,20412,708.2089402954956
1,20448,871.3539005164273
1,20502,935.8536644387178
1,20503,683.3095259057799
1,20541,999.4005622601308
1,20604,782.3421626113342
1,20610,696.9610356071308
1,20646,421.7373075502059
1,20656,607.566688182508
1,20657,303.7653379575973
1,20693,906.5750014695062
1,20787,790.1329339554882
1,20788,809.682995666595
1,20789,441.7747253148694
1,20853,925.7620561689672
1,20854,956.083404194854
1,20855,995.866787670028
1,20863,942.8820576106792
1,20864,164.19246977050406
1,20866,596.848629936004
1,20896,415.4290193408253
1,20897,245.13406039911763
1,20898,269.81657541659143
1,20930,189.4951371018504
1,20943,551.0856219714226
1,20944,478.1988981499774
1,20945,510.8176971247439
1,20947,328.6954040443416
1,20948,316.780154679069
1,20949,312.4024659311342
1,20950,394.9358517384106
1,20951,335.9215492802888
1,20952,314.33959333617537
1,20953,397.4353080233426
1,20954,307.6818229633912
1,20955,310.7409158396386
1,20956,595.0804319563116
1,20991,857.2006890259514
1,21016,787.4069490174224
1,21022,703.6162929383368
1,21049,740.4779012656306
1,21154,608.0800986150517
1,21233,429.4326787048763
1,21249,951.8242074662604
1,21250,209.14109450704424
1,21308,933.2669359817472
1,21310,913.7847248678348
1,21332,935.8080270377064
1,21333,803.313220341831
1,21483,468.8189234135797
1,21514,962.7563911629356
1,21516,858.1872454585113
1,21543,582.8313841359711
1,21552,294.20872783042904
1,21613,389.0665896379762
1,21614,245.99857853118704
1,21615,406.65914197229296
1,21660,907.46013480917
1,21663,516.3927052205321
1,21664,447.6048274967412
1,21665,562.7459669125062
1,21666,611.1355067322053
1,21667,622.1505501453779
1,21699,491.0411141527624
1,21723,907.1576172695716
1,21724,369.10378366301
1,21726,650.7850134542391
1,21729,914.5854046516808
1,21734,956.7257763637492
1,21737,524.3544782480357
1,21743,770.6731966208974
1,21757,853.6669524985357
1,21759,846.143898341651
1,21799,295.527767465878
1,21869,873.7631612503244
1,21902,621.8570943978344
1,21933,703.706401484537
1,21934,613.6336162400952
1,21960,645.2590297118237
1,21962,465.9451396456549
1,21991,675.797079287174
1,21992,933.229879752158
1,21995,731.8581626922427
1,21996,690.8427815394323
1,21997,747.1368381193872
1,21998,739.7980685526142
1,22044,420.99991073307166
1,22046,251.34545462456865
1,22050,284.5641059639473
1,22053,554.8579084493797
1,22065,573.7914570933308
1,22108,629.0198966273524
1,22119,466.9044951097224
1,22120,344.2635535320543
1,22136,885.5572384114653
1,22174,353.51561837626434
1,22209,162.26084454697732
1,22210,268.8831732611166
1,22211,281.8044160607283
1,22212,182.32526152472133
1,22299,676.4798465121446
1,22346,400.7660228607373
1,22410,273.87373051002896
1,22429,319.79746010689905
1,22499,589.9714898510349
1,22523,389.0955358531918
1,22524,579.9562980009202
1,22539,183.7539514062189
1,22541,944.9569768323596
1,22556,511.89384382163286
1,22557,919.5288847088578
1,22600,666.1070904966641
1,22601,636.4059263988103
1,22602,620.2626160613139
1,22603,626.1889589712205
1,22604,677.9845003802029
1,22605,744.3577080670649
1,22606,800.7033451792239
1,22607,735.4944221539862
1,22630,597.6621125523028
1,22632,951.2046921454846
1,22633,589.3501700521012
1,22634,584.6954437339353
1,22635,576.7850770427631
1,22636,524.6820644623596
1,22637,561.4797780495647
1,22638,506.2460268770147
1,22639,962.5840592210036
1,22641,539.8677882127843
1,22752,911.5431326771952
1,22753,919.5955128755504
1,22754,919.6349937187516
1,22755,919.686376886514
1,22756,919.2958158359324
1,22757,920.5472799818582
1,22758,921.3223611863464
1,22759,914.1972698460524
1,22760,918.7358773176312
1,22761,920.5840840086224
1,22762,921.4631915287952
1,22763,907.5676139557856
1,22764,921.40622888805
1,22765,944.815316416253
1,22766,946.488080972926
1,22767,939.1245449161688
1,22768,938.8996657618792
1,22769,938.7163523798846
1,22770,939.3663461429156
1,22771,873.8791720631917
1,22772,872.4029732042136
1,22773,871.6791043386673
1,22774,871.7867641176011
1,22775,872.3331338748237
1,22776,870.5226548371832
1,22777,874.9582787658386
1,22778,869.4696151536348
1,22799,495.33780145413976
1,22802,668.7544401270598
1,22803,832.826475159264
1,22804,775.6354856591724
1,22805,784.7155619841408
1,22806,783.1560642945274
1,22807,782.6377254911799
1,22808,780.8656656960025
1,22809,779.9829799718265
1,22810,782.782673633093
1,22811,787.615340915838
1,22812,786.1907686381803
1,22823,660.3968510956273
1,22888,512.7509153865984
1,22925,609.5231886682215
1,22930,860.9603932715695
1,22931,862.9136508325963
1,22935,807.8530111230882
1,22955,829.3352116514346
1,22956,836.9857876934346
1,22957,839.322836428321
1,22958,836.3167517018558
1,22959,839.041042122969
1,22960,842.1989208933737
1,22961,843.3881818616678
1,22968,583.0960611176001
1,22969,634.2420228390131
1,22972,490.4255795627521
1,22973,658.1626823712286
1,22974,562.3824687556099
1,22975,501.15001164726726
1,22976,458.6050778233578
1,22977,486.000846881874
1,22978,642.6522110316531
1,22979,679.0020579633143
1,22980,674.5040679723006
1,22981,646.7977113831331
1,22982,711.2382823869511
1,22983,636.4856593226921
1,22984,675.6595935072403
1,22985,697.9704893812898
1,22986,704.901194714914
1,22987,484.5559755306812
1,22988,515.6292826757451
1,22989,543.4562940219676
1,23042,698.0184497361378
1,23048,552.0222946218046
1,23059,311.7492584754595
1,23078,494.5520690585254
1,23275,836.4921722363824
1,23344,71.15759535199989
1,23348,548.3868419873354
1,23350,493.3683254359189
1,23488,781.9138145643852
1,23489,973.8347856040884
1,23490,634.881705422708
1,23495,783.6742235387046
1,23496,910.9573587867015
1,23562,513.5926205063346
1,23619,713.1712492808698
1,23621,802.8262219878408
1,23622,877.3452483450785
1,23623,903.2910469054488
1,23624,419.536593801128
1,23664,643.0169063142671
1,23675,392.8173746702335
1,23676,362.3199262082449
1,23679,384.7906504325936
1,23681,673.4578408832232
1,23776,735.9302392534471
1,23840,708.87353044892
1,23891,834.1152522915535
1,23931,583.0280136392972
1,23938,338.7599367534326
1,23943,357.892899080005
1,23976,221.00131152858745
1,24013,902.608271594191
1,24120,399.74702662012095
1,24162,425.6418340690507
1,24172,771.4240014906478
1,24212,869.7208354810689
1,24271,916.1763058300036
1,24317,601.6713791296014
1,24386,887.269063582994
1,24421,922.6757198954604
1,24428,801.0269147991248
1,24432,911.5162760697534
1,24434,804.27324970125
1,24436,783.1436785100551
1,24437,256.1410844019143
1,24438,216.7261473617347
1,24439,222.8780842752681
1,24440,330.07353119252383
1,24474,452.0956499131218
1,24518,928.625761282338
1,24519,870.3986296425593
1,24520,897.1499049276689
1,24521,645.9552886826673
1,24595,530.9982261133974
1,24596,559.6179277567422
1,24597,350.3837720964116
1,24598,386.6595046622967
1,24599,362.1651171836276
1,24613,932.5435025967516
1,24678,797.9301259394224
1,24716,847.1005899413362
1,24726,990.7685830102376
1,24730,970.0994845451032
1,24731,765.5859588673828
1,24736,585.1704658965899
1,24737,497.0745750308474
1,24739,276.6558217371624
1,24751,870.7792877747567
1,24752,485.7611219340927
1,24753,552.1653595357632
1,24755,895.8944812511569
1,24756,903.5584874297364
1,24757,885.0042881866458
1,24758,766.6915980697497
1,24759,772.909441895815
1,24760,800.8686073551452
1,24767,431.0893843462167
1,24775,874.0488965398476
1,24778,448.86927419388127
1,24865,917.173112964151
1,24904,874.1002269789963
1,25332,495.3546678683031
1,25339,511.9550892801997
1,25342,482.7122007241757
1,25344,972.142520293366
1,25345,978.476861555882
1,25346,985.513523359214
1,25347,975.6277461678864
1,25348,982.4570178592164
1,25350,955.6170344171794
1,25351,936.4336900102352
1,25352,841.9583991574841
1,25353,844.2714478533472
1,25357,784.3790696463146
1,25358,743.6050090203564
1,25359,741.709817493691
1,25360,747.4005632745782
1,25361,698.0579725413074
1,25362,709.2487939518301
1,25363,679.071238539368
1,25364,696.683473130571
1,25366,574.1047555440875
1,25367,553.4565625655598
1,25368,808.9833381560699
1,25463,913.3137950400278
1,25484,765.6738939394352
1,25517,977.8623063348527
1,25578,240.55140811034556
1,25646,334.3148477173635
1,25647,811.2607287679119
1,25652,320.6097044437259
1,25658,388.99249904328406
1,25659,386.08249083631824
1,25712,496.64291965898497
1,25790,566.25274589917
1,25858,284.08214835778864
1,25859,266.46738409030195
1,25882,404.5865700583674
1,26130,541.2608278830332
1,26131,569.5325422238168
1,26190,784.4553616933036
1,26191,736.3966488050348
1,26192,787.5474253010794
1,26193,772.1072532013512
1,26194,711.8443986203015
1,26195,692.8019967714622
1,26196,937.7606602218292
1,26197,930.964556930006
1,26198,918.9574129436618
1,26234,556.0860059794871
1,26247,333.0093197266942
1,26255,602.265546070554
1,26256,606.0942583727049
1,26260,937.5844434994918
1,26422,890.3775475354199
1,26423,919.2409506519592
1,26424,941.1218837765292
1,26433,744.4564355901955
1,26434,781.6734429376481
1,26435,634.1126179703689
1,26436,629.4589246297268
1,26437,850.2311789167951
1,26438,847.1034198308334
1,26439,871.3687330566387
1,26440,741.4493086024668
1,26471,775.1594646508239
1,26472,785.7487327079164
1,26473,797.6126659238003
1,26487,136.53807345339763
1,26499,169.48568847648886
1,26500,364.5567888013843
1,26501,147.13792954001562
1,26563,250.87902464269845
1,26569,391.67262696773446
1,26570,446.6002912063446
1,26694,312.33703215243594
1,26951,702.960855758234
1,26971,474.3662411981203
1,27076,135.07751630842895
1,27084,220.3408270177862
1,27085,578.5428090273606
1,27091,791.9727870857251
1,27095,474.2538949855152
1,27100,895.9259562902673
1,27104,556.3672791919078
1,27105,425.05670211046896
1,27107,581.6067392712287
1,27108,587.5917699604317
1,27202,270.6466944549395
1,27203,347.4399863856596
1,27217,182.64487108519572
1,27220,365.4852474991515
1,27221,385.2775279359644
1,27265,357.39358084251126
1,27266,873.5087137572866
1,27358,916.8248746141376
1,27360,933.5036399511883
1,27368,898.8288940880097
1,27369,787.199916420952
1,27370,843.6847257653584
1,27371,860.179891163876
1,27372,882.25152626157
1,27373,877.6812193609363
1,27374,879.0200246720865
1,27375,879.4534808549103
1,27376,889.7234600561546
1,27377,897.576377144615
1,27378,869.0141926385443
1,27417,309.5227823616612
1,27439,683.6136915109871
1,27449,615.5278868337487
1,27450,641.3418046311144
1,27451,605.6455867399304
1,27452,620.4795766358658
1,27507,846.9615860150436
1,27508,965.7014499341174
1,27569,931.2383141760088
1,27748,204.38438935638567
1,27749,97.54608510673005
1,27750,295.5348065169056
1,27751,243.7122136326465
1,27753,130.6777571655915
1,27761,564.2621511682123
1,27806,294.9196181732018
1,27812,335.1102502646249
1,27813,342.9431968395464
1,27975,938.6941424432852
1,28023,408.2439923990231
1,28041,326.50281584026857
1,28111,306.50768838226804
1,28118,165.18835870585428
1,28213,666.4385875440836
1,28219,511.10420881137367
1,28349,847.9064801819184
1,28396,790.9460045949163
1,28397,876.9278618160439
1,28408,920.1741019672952
1,28409,916.8525798169244
1,28410,912.0628053665204
1,28414,718.7925005934666
1,28424,996.8936253599164
1,28425,908.4466585335622
1,28695,897.3864675888863
1,28771,481.9280530920968
1,29840,963.6026520955272
1,29893,984.2619507821088
1,29897,979.8369065985572
1,29901,975.18443836041
1,29904,971.2006186688384
1,29907,966.9696431955906
1,29910,963.204717985926
1,30250,304.2101813001067
1,30469,803.1254789985749
1,30470,730.737916969423
1,30471,730.1194860226387
1,30484,362.783548699435
1,30661,412.60003308404015
1,30662,445.1963848732656
1,30667,399.2115427957515
1,30668,409.25133550078607
1,30755,863.3893792001435
1,30780,628.2951085291222
1,30825,785.6336741495163
1,30826,925.1702489516985
1,30827,746.548274953719
1,30828,763.9154644810832
1,30829,751.4457839498892
1,30830,782.0496451445845
1,30831,747.796045569332
1,30832,740.8022057270532
1,30892,537.4673253241357
1,30900,447.9154965071036
1,30901,456.9372898379359
1,30902,448.9824997019928
1,30903,530.9259901813114
1,30904,556.6270030057661
1,30905,561.1665528511754
1,30906,571.0558958471468
1,30909,586.7602728492229
1,30910,603.8993914364336
1,30911,614.6157723792708
1,30912,623.4402075155774
1,30913,627.6821474235171
1,30914,631.6797404073008
1,30915,634.5174284870948
1,30916,636.2701422777583
1,30917,638.7283570858606
1,30918,641.117580147243
1,30919,643.2970537802529
1,30920,647.1333257875601
1,30921,649.8804786331514
1,30922,655.5432345731032
1,30923,673.5915409567513
1,30924,696.5341123350389
1,30925,717.7558444661017
1,30926,712.0524193906945
1,30927,726.0883884475513
1,30928,754.8148794094061
1,30992,829.7579264926792
1,31063,632.380582668905
1,31284,544.6908881071269
1,31285,512.3595191013858
1,31291,786.1693858363044
1,31325,654.3300627751283
1,31377,811.7071037469088
1,31412,715.997498260299
1,31413,803.4762762243091
1,31414,850.1408694429795
1,31415,941.5314972439317
1,31416,967.9455628448678
1,31417,976.8541568064747
1,31418,981.7302156623656
1,31419,953.23852426954
1,31420,930.2318661541212
1,31421,922.9968541162316
1,31422,896.4767408531468
1,31423,862.5608481779419
1,31424,781.6333595527237
1,31425,838.3815084750071
1,31426,816.4190027527534
1,31427,832.3131613791875
1,31428,833.5101964131167
1,31429,839.4334380357384
1,31430,852.1316624376958
1,31431,859.5903338299162
1,31432,827.7779154101968
1,31433,816.1728791607056
1,31434,793.749597221643
1,31471,972.064166385558
1,31472,930.8074803151248
1,31473,912.4707174110704
1,31474,856.0685869297573
1,31475,779.8013780724009
1,31476,813.9142427262377
1,31477,785.7632260018852
1,31478,706.5994355518586
1,31479,740.3684598624269
1,31480,618.2278257435123
1,31481,485.4292986230063
1,31482,511.00265034591695
1,31483,561.2298960120793
1,31484,571.691575908088
1,31485,586.9079294550324
1,31486,610.2675311022208
1,31620,773.9135564346249
1,31621,47.160715441522605
1,31667,421.564733243104
1,31940,636.7511151199129
1,31941,648.2941234529488
1,31942,386.92523984741166
1,32016,593.3454195406337
1,32032,720.3322815605754
1,32038,762.4072579300915
1,32039,759.2817061724572
1,32040,711.7330870189707
1,32041,726.8953340839766
1,32042,777.4808796417611
1,32053,980.6108653006102
1,32259,387.86605978507714
1,32260,406.1410368861698
1,32361,218.5545535217876
1,32382,322.5247189821001
1,32383,350.02170163722786
1,32384,339.8720494579133
1,32390,192.595034663566
1,32456,981.6253270564888
1,32461,890.4975692413251
1,32462,652.3902688976085
1,32467,954.6464800498665
1,32468,711.5245912375245
1,32469,991.549195959676
1,32478,961.4746232708352
1,32479,942.3023736448146
1,32480,923.327819518749
1,32481,921.5413850690084
1,32482,821.8864428680884
1,32483,848.9955633645134
1,32484,890.0102242572754
1,32485,955.5719159710396
1,32504,879.7197921241543
1,32575,687.0833214959507
1,32576,695.4623490990697
1,32577,691.3790886551895
1,32578,673.5965022283067
1,32750,843.3062114768815
1,32751,846.56513247699
1,32752,567.730815212383
1,32764,768.3527178194208
1,32768,478.7399078288229
1,32783,922.0738821035362
1,32784,912.6033165833892
1,32828,656.5746004305256
1,32837,935.633381855754
1,32838,592.4665518879341
1,32850,959.4179485537016
1,32878,580.9686269506271
1,32992,897.5387050751896
1,33034,388.0610387246608
1,33036,936.982699241364
1,33037,949.7115797487264
1,33041,668.1226014967332
1,33042,687.2490073260625
1,33043,745.1318454132366
1,33048,686.6462584707915
1,33050,875.3258067994788
1,33051,840.7420371633325
1,33054,980.2300732506302
1,33057,924.2157620080036
1,33058,901.6574640654992
1,33059,892.639151388738
1,33060,999.9765004017004
1,33180,683.5359975201073
1,33265,848.9203758878679
1,33266,791.865410815408
1,33267,717.0127876223817
1,33771,787.5924544310847
1,33800,932.5600938402812
1,33997,816.5895415736845
1,34072,999.0897455699344
1,34082,982.699729143433
1,34126,376.2470295327569
1,34134,736.4824346349559
1,34241,219.6011090445744
1,34249,852.4357268464076
1,34320,990.180293391898
1,34321,989.6528667728724
1,34358,983.7963273009324
1,34430,475.09372528227874
1,34438,932.9400486186148
1,34439,933.424526956118
1,34440,934.4831792316317
1,34441,934.9546353796665
1,34442,935.827770110367
1,34443,936.3378720158072
1,34444,937.3843568836708
1,34445,937.6474570944754
1,34446,938.3409058945552
1,34447,938.7888681713486
1,34448,939.9263393157272
1,34449,940.2992656534198
1,34450,949.0935326044682
1,34451,950.6589257418436
1,34452,960.4601248509194
1,34453,962.1898542882712
1,34454,976.231845260862
1,34455,969.0743658490286
1,34456,969.4290770961688
1,34457,933.5549138066892
1,34458,941.9554605813732
1,34459,963.9668721407786
1,34460,928.524410696895
1,34618,381.37718342766857
1,34625,465.9209023754101
1,34739,327.74543551457964
1,34740,334.604600462561
1,34771,738.0664171714806
1,34774,386.10150614094334
1,34791,523.1686500169044