source,target,weight,distance
9577,31310,1.0,301.68164985536
13669,13662,1.0,714.6575186856929
13669,13672,1.0,262.4985508253488
13669,13674,1.0,563.6823405668274
14154,11250,1.0,981.2944992330938
14154,11251,1.0,940.1815951275142
14154,24121,1.0,685.9518826053037
14154,28975,1.0,323.4626304461585
14229,26595,1.0,119.83910806391437
14229,28061,1.0,759.2200330954532
14229,28075,1.0,754.43386497793
14673,26464,1.0,956.4512474290868
14963,26595,1.0,261.0772107330531
14963,28061,1.0,964.3128653419498
14963,28075,1.0,957.1766634443924
15348,9797,1.0,329.4722199678295
24604,2259,1.0,339.0628556152696
24604,26464,1.0,378.4085003665179
24604,32889,1.0,411.83905679372447
25138,35942,1.0,986.7312761910082
26157,35942,1.0,984.7415022258264
26159,35942,1.0,844.0250088763565
26160,35942,1.0,878.6013416225351
26165,35942,1.0,832.8746161409146
26167,35942,1.0,860.2934652416683
26171,35942,1.0,842.731192957315
26365,38600,1.0,671.8195378814637
26366,38600,1.0,671.8492986593069
26370,38600,1.0,692.0681990774968
26889,31607,1.0,173.6744067819367
26889,31608,1.0,210.7996393304744
27470,1949,1.0,579.7422131269889
27470,1951,1.0,947.4581532448352
27470,11246,1.0,570.1001790002338
27470,11247,1.0,569.2197438231728
27470,11248,1.0,568.434322667245
27470,11249,1.0,567.7561956450079
27470,11250,1.0,610.5550926400489
27470,11251,1.0,630.318564050865
27470,27468,1.0,22.661629070102222
27762,16129,1.0,450.40818056736185
28402,3584,1.0,692.1421062203126
28402,16129,1.0,401.7887267372697
28402,18541,1.0,909.5640800902664
28639,1472,1.0,341.06104763168213
28639,1536,1.0,371.5565932119264
28639,1537,1.0,306.340039569836
28639,3576,1.0,671.4912699516246
28645,1472,1.0,282.25862614287314
28645,1536,1.0,186.2660205624367
28645,1537,1.0,199.88012974202127
28645,3576,1.0,897.7123350699369
28645,3582,1.0,920.0498380104972
28645,3584,1.0,909.2554363746028
28647,1472,1.0,323.10042432798986
28647,1536,1.0,228.0222770063784
28647,1537,1.0,240.9304068047725
28647,3576,1.0,923.6370985592188
28647,3582,1.0,943.8801617270246
28647,3584,1.0,919.1334538813808
28899,16129,1.0,267.1209805354635
28905,16129,1.0,429.8257360835228
28947,3584,1.0,986.3786115637243
28947,16129,1.0,457.59772341897377
29127,1536,1.0,948.5681787272352
29127,1537,1.0,954.7686818909684
29127,16129,1.0,856.0289533971204
29133,1472,1.0,779.4497406375496
29133,1536,1.0,795.355609865532
29133,1537,1.0,739.9393181659162
29133,3576,1.0,866.361076181864
29180,3584,1.0,860.6408833159359
29180,16129,1.0,923.1495341253984
29180,18541,1.0,869.529882306983
30222,36014,1.0,726.8282856205412
30455,30424,1.0,446.0992678478949
30456,30424,1.0,437.4210548674535
30612,40817,1.0,123.4468234911036
30817,12954,1.0,817.7571610730076
30817,24275,1.0,785.1236183555385
30817,24276,1.0,791.0320517665949
30817,35942,1.0,63.87050778390592
30871,29942,1.0,785.8231915498857
30871,29943,1.0,361.06955111452567
30871,30056,1.0,640.7280201661115
30871,40806,1.0,302.73326265541016
30886,2572,1.0,953.248404162425
30886,33898,1.0,394.80277546278006
31712,16129,1.0,791.6394308048372
31714,16129,1.0,877.7154610571164
34939,12954,1.0,690.9765082769923
34939,24275,1.0,667.7682673332549
34939,24276,1.0,667.4568658540995
34939,35942,1.0,756.1722733084749
35437,26464,1.0,914.6019115288508
36946,34884,1.0,589.0342561313859
37589,31310,1.0,773.8791981086324
37594,31310,1.0,706.73755465291
38216,38386,1.0,210.16856551141063
39146,1951,1.0,845.7410358872644
39146,2259,1.0,580.7143077006713
39146,26464,1.0,502.3037175596031
39146,27468,1.0,980.3012859642772
39146,32889,1.0,657.0009759282367
41018,38600,1.0,871.707822899693
1498,37770,1.0,272.1091765067589
1529,7694,1.0,498.4426612772112
1571,7233,1.0,995.2084279527112
1571,7480,1.0,768.3514146363979
1571,14175,1.0,870.7832548413161
1574,7480,1.0,790.4926984384466
1576,1578,1.0,997.7289017368768
1576,1973,1.0,977.3176191033216
1576,7480,1.0,899.4503469344202
1686,1578,1.0,959.83641399578
1686,1973,1.0,875.9904438370199
1718,1724,1.0,286.37576668255946
1718,12383,1.0,922.9877477616876
1718,24778,1.0,972.9605305769876
1719,1724,1.0,307.7112124829851
1719,12383,1.0,878.8653770143126
1719,24778,1.0,931.3557932161508
1732,1724,1.0,486.318260202545
1732,12383,1.0,855.918531170822
1732,24778,1.0,776.4429976677393
1907,1578,1.0,411.5456857421706
1907,7479,1.0,839.4573723984525
1907,7480,1.0,554.5097481850298
1944,1724,1.0,797.5368481022393
1944,26359,1.0,686.770025147332
1945,26359,1.0,471.123586876626
1962,1973,1.0,863.1409714155343
1963,1973,1.0,900.1960464965474
1964,1973,1.0,836.7109949001884
1970,1973,1.0,540.7964604604833
1971,1973,1.0,589.7590090680328
1972,1973,1.0,598.3764596677275
1977,1634,1.0,924.9627022207436
1977,1973,1.0,579.9765423919642
1979,1973,1.0,580.3740089552028
2040,1083,1.0,864.7906820106468
2040,1295,1.0,774.7495917103422
2040,1299,1.0,690.6004351061546
2040,7233,1.0,530.1115062542794
2040,14175,1.0,751.0321054962866
2050,1083,1.0,583.4626169281628
2050,1295,1.0,514.0025052199949
2050,1299,1.0,435.2125630992264
2050,7233,1.0,766.835421553934
2050,14175,1.0,965.2834231823356
2055,1295,1.0,909.920393730666
2055,1299,1.0,827.1277250630023
2055,7233,1.0,721.0249556244997
2055,7479,1.0,860.6745094440026
2055,14175,1.0,949.035403522166
2055,26236,1.0,799.7716778621001
2056,1295,1.0,905.9158574149016
2056,1299,1.0,822.1689617142869
2056,7233,1.0,681.7658619792275
2056,7479,1.0,870.8333203865749
2056,14175,1.0,910.4137331167824
2056,26236,1.0,835.4248802107352
2058,1083,1.0,965.2801697328111
2058,1295,1.0,879.6261023253841
2058,1299,1.0,795.8217170716645
2058,7233,1.0,427.04874556569087
2058,14175,1.0,651.2766328761531
2063,1299,1.0,933.8109934824734
2063,7233,1.0,283.54458882979947
2063,14175,1.0,466.6950299716673
2068,1295,1.0,926.4084612977236
2068,1299,1.0,843.9349751112186
2068,7233,1.0,363.5289412610092
2068,14175,1.0,583.5550040638586
2069,1299,1.0,930.8425045464254
2069,7233,1.0,290.1477426739132
2069,14175,1.0,517.6452058612435
2071,1634,1.0,316.05975608006463
2071,1973,1.0,940.275611753983
2071,3500,1.0,811.3307611601775
2071,15750,1.0,895.3283755135831
2072,1634,1.0,543.6106341557883
2072,15750,1.0,839.3553557295846
2075,24778,1.0,606.99965296615
2075,26217,1.0,839.3251026119275
2102,1578,1.0,758.4921500294939
2102,7233,1.0,962.6482850574826
2102,7479,1.0,506.8427189064795
2102,7480,1.0,173.3781739231212
2102,14175,1.0,977.8085450721244
2113,14175,1.0,903.4414375591113
2145,1578,1.0,948.1527412303486
2145,1973,1.0,997.4702918900932
2145,7480,1.0,880.0141993035854
2146,1578,1.0,989.9764254476682
2146,1973,1.0,959.251440682466
2146,7480,1.0,917.2675995715776
2150,7480,1.0,803.7361397695306
2150,14175,1.0,964.761402265656
2152,7480,1.0,800.6168543470156
2152,14175,1.0,879.8511095698983
2154,7233,1.0,945.4765731218324
2154,7480,1.0,774.2163183460532
2154,14175,1.0,817.0800052316708
2155,7233,1.0,897.0095703116594
2155,7480,1.0,780.7512649105842
2155,14175,1.0,764.9917333385807
2297,5635,1.0,425.4756119115448
2297,25003,1.0,474.9246917459574
2392,7233,1.0,853.3084903333609
2392,14175,1.0,713.4994061074409
2535,15750,1.0,736.8109413104379
2537,7694,1.0,165.92983595931022
2539,7694,1.0,988.0509141953428
2543,15750,1.0,659.480075534039
2544,7694,1.0,841.9949585532269
2545,7694,1.0,85.91733508473446
2599,1578,1.0,711.2385180162931
2599,7479,1.0,141.6193749996977
2599,7480,1.0,366.9270308083636
2605,1578,1.0,700.0327091694612
2605,7479,1.0,133.08475924563717
2605,7480,1.0,326.18516972800774
2698,1083,1.0,983.999105931721
2698,7694,1.0,414.7889169711914
2712,1083,1.0,559.3681933997843
2712,1295,1.0,673.0264243202173
2712,1299,1.0,757.3160484094601
2712,7694,1.0,817.4351321837628
2781,1634,1.0,841.9544191587718
2781,3500,1.0,883.8464214766295
2781,15750,1.0,399.5118324889796
2790,3062,1.0,565.5658485730363
2790,8286,1.0,831.3398169985128
2790,17131,1.0,504.497328981251
2791,3062,1.0,509.93582197594986
2791,8286,1.0,785.4950338790399
2791,17131,1.0,480.4292574271711
2799,1724,1.0,976.1524043666324
2799,26359,1.0,860.4685649088522
2828,1634,1.0,158.4897196764565
2828,3500,1.0,670.1982430836235
2828,11377,1.0,943.0220507591062
2828,15750,1.0,714.9867846467062
2838,1083,1.0,408.89761354391175
2838,1295,1.0,505.9741762945862
2838,1299,1.0,591.1448205624731
2838,7694,1.0,989.5817532791424
2864,2869,1.0,575.5989736698311
2867,2869,1.0,599.1093109127255
2880,1724,1.0,686.7386942266515
2880,26359,1.0,666.4134255074615
2886,1083,1.0,586.1210523657089
2886,1295,1.0,688.1070470760077
2886,1299,1.0,773.3220519694975
2886,7694,1.0,814.1265662230089
2891,1083,1.0,381.6250673329701
2891,1295,1.0,545.4600334579762
2891,1299,1.0,613.7002873657
2892,1083,1.0,391.4120472802246
2892,1295,1.0,332.01814734055546
2892,1299,1.0,261.0746648018467
2892,7233,1.0,955.7459276160192
2959,7694,1.0,471.7048972170654
2978,7694,1.0,370.47359285344544
2996,26359,1.0,561.4063542296834
3025,1724,1.0,853.5927415759842
3025,26359,1.0,604.3512712546427
3119,1078,1.0,904.8778131747016
3119,2644,1.0,545.1444846915374
3119,3500,1.0,606.6770273081944
3119,11377,1.0,281.11761092672623
3161,8847,1.0,87.89244733400578
3162,8847,1.0,350.4982376566125
3231,1634,1.0,958.0873063833944
3231,3500,1.0,742.342085639316
3231,11377,1.0,543.5422387654811
3232,1634,1.0,994.0498436099977
3232,3500,1.0,786.0690695399445
3232,11377,1.0,584.9091586830173
3285,1634,1.0,490.0988293376667
3285,3500,1.0,750.1328946298801
3285,15750,1.0,436.7615559319139
3297,7694,1.0,208.45757074119945
3298,7694,1.0,41.460388821273575
3329,1083,1.0,434.68932342800895
3329,1295,1.0,372.58873697376185
3329,1299,1.0,298.9788356350286
3329,7233,1.0,912.8178012899012
3332,1083,1.0,498.0233208824775
3332,1295,1.0,415.1462817538524
3332,1299,1.0,334.4741523947501
3332,7233,1.0,865.5101506860465
3332,26236,1.0,962.6404978684104
3337,7694,1.0,479.4666198164527
3694,7233,1.0,828.6311640421385
3694,14175,1.0,679.8700472931398
3695,7233,1.0,660.5776377485065
3695,14175,1.0,518.8871525883118
3698,14533,1.0,515.0947547520204
3705,1078,1.0,924.9376978590672
3705,15750,1.0,638.0084429455577
3705,16277,1.0,558.3199248057899
3719,1578,1.0,861.5351141213263
3720,1578,1.0,942.0205791113052
3724,15750,1.0,957.894701454717
3731,15750,1.0,762.2254072156671
3735,1634,1.0,999.7078540397556
3735,15750,1.0,757.4145176873398
3774,15750,1.0,815.4744692379553
3799,1578,1.0,413.5307362929259
3799,7480,1.0,931.3545040532588
3801,1578,1.0,445.97853307551
3801,7480,1.0,939.8060692416918
3802,1578,1.0,433.62360317526793
3802,7480,1.0,911.9011262159576
3877,15750,1.0,963.9534946461018
4008,4009,1.0,723.4469694072382
4224,12816,1.0,815.1918624798636
4298,7873,1.0,921.37954098918
4305,1083,1.0,80.83425540408788
4305,1295,1.0,164.89816080822249
4305,1299,1.0,244.9677755898477
4348,12816,1.0,719.38599482469
4465,1078,1.0,687.2766538379677
4465,2644,1.0,186.26785060480296
4465,3500,1.0,880.847692610712
4465,11377,1.0,590.8620565641982
4465,26217,1.0,913.0294148962528
4740,12816,1.0,112.00061704170297
4740,39880,1.0,579.4147702764773
4764,20572,1.0,927.6649920910208
4876,37770,1.0,602.7687676443031
4879,37770,1.0,727.6481011240378
4908,1083,1.0,75.45305217992107
4908,1295,1.0,200.24357370552696
4908,1299,1.0,237.33096286144377
5178,25964,1.0,285.99306434396067
5183,25964,1.0,232.67743756341207
5277,1078,1.0,810.6422824239723
5277,12383,1.0,909.9880796432632
5277,24778,1.0,156.36323678292786
5289,1078,1.0,938.2828730602952
5289,2644,1.0,881.0620396797796
5289,24778,1.0,733.2957967828336
5289,26217,1.0,593.2510173176004
5319,1634,1.0,337.729461147826
5319,3500,1.0,209.72593317617853
5319,11377,1.0,533.2532860072957
5319,15750,1.0,380.502295673271
5640,5635,1.0,282.7947693106523
5640,25003,1.0,277.74390079429435
5735,24778,1.0,594.594224825828
5735,26217,1.0,817.3751045479875
5739,1078,1.0,977.7875103614195
5739,2644,1.0,952.7204462765236
5739,24778,1.0,704.5156721915399
5739,26217,1.0,656.144985642417
5892,2644,1.0,549.2006749277438
5892,26217,1.0,278.0078681720345
5984,20572,1.0,771.5416572151059
6302,8847,1.0,692.796654776838
6304,7873,1.0,101.80532292776547
6305,7873,1.0,79.45403190424516
6422,1078,1.0,984.1722881296104
6422,2644,1.0,615.0584318534083
6422,3500,1.0,603.1990307293447
6422,11377,1.0,277.564433545774
6425,24778,1.0,653.4983836881406
6425,26217,1.0,800.5898121171205
6426,24778,1.0,750.1975623033736
6426,26217,1.0,658.5512693256005
6427,24778,1.0,513.4425166775238
6427,26217,1.0,920.9867814639762
6428,24778,1.0,716.3416343951843
6428,26217,1.0,716.6801713527717
6430,1078,1.0,872.7648110249645
6430,2644,1.0,829.4850873172925
6430,24778,1.0,698.768016219032
6430,26217,1.0,603.5346294247289
6431,1078,1.0,853.8110567667908
6431,2644,1.0,815.0770680582881
6431,24778,1.0,689.4441171360298
6431,26217,1.0,607.9938263908113
6432,1078,1.0,356.9476156320928
6432,2644,1.0,766.9042650143962
6432,16277,1.0,747.2753415896009
6432,24778,1.0,438.0020058160298
6433,1634,1.0,532.2560920949624
6433,3500,1.0,38.28927034738739
6433,11377,1.0,335.75467587981257
6433,15750,1.0,464.3222853577923
6434,1634,1.0,501.8190465735176
6434,3500,1.0,36.27005104967368
6434,11377,1.0,358.4876880205809
6434,15750,1.0,453.5611969628735
6437,1078,1.0,966.9392864401692
6437,1634,1.0,674.4383078651614
6437,2644,1.0,864.7188642590475
6437,3500,1.0,185.81416593364656
6437,11377,1.0,144.34209077246433
6437,15750,1.0,642.526638084043
6520,7480,1.0,678.363354882309
6520,14175,1.0,903.65258015966
6599,12816,1.0,456.7530207743093
6656,12816,1.0,714.3056119129784
6666,39880,1.0,993.4237378275687
6667,39880,1.0,964.7113378118678
6694,7233,1.0,227.96037582862368
6694,7479,1.0,826.9908995725553
6694,7480,1.0,796.5738116436626
6694,14175,1.0,377.4982952920398
6695,7233,1.0,204.99445504579128
6695,7479,1.0,859.6530553597124
6695,7480,1.0,857.791234920769
6695,14175,1.0,398.775576373913
6696,7233,1.0,266.8301848790513
6696,7479,1.0,792.896841457641
6696,7480,1.0,752.8879380637353
6696,14175,1.0,395.9694523093179
6702,7233,1.0,411.74571025016326
6702,7479,1.0,642.4794503517976
6702,7480,1.0,647.4341358528214
6702,14175,1.0,556.806078764354
6706,7233,1.0,687.6791051383539
6706,7479,1.0,501.5514533865602
6706,7480,1.0,333.39431849292976
6706,14175,1.0,734.3311303043309
6717,4009,1.0,702.302558210769
6735,7233,1.0,157.4010370252797
6735,14175,1.0,76.70471883729293
6737,7233,1.0,726.9782955870371
6737,7479,1.0,814.5323565104627
6737,7480,1.0,546.9042546896301
6737,14175,1.0,663.8140602918714
6738,7233,1.0,751.0834722700388
6738,7479,1.0,770.4059761189837
6738,7480,1.0,496.5151016353643
6738,14175,1.0,700.8809660862132
6739,7233,1.0,806.3326678555594
6739,7479,1.0,809.5102416199568
6739,7480,1.0,517.7855520567375
6739,14175,1.0,743.6390708921754
6740,7233,1.0,639.5189811119329
6740,7479,1.0,790.2536686175259
6740,7480,1.0,554.6676656841569
6740,14175,1.0,589.7719367215527
6744,1578,1.0,998.677093759548
6744,7233,1.0,885.5233676503285
6744,7479,1.0,814.1725175204335
6744,7480,1.0,501.9003715277989
6744,14175,1.0,822.7657291255954
6745,7233,1.0,755.3417023108448
6745,7479,1.0,812.9655531402425
6745,7480,1.0,536.3997806221329
6745,14175,1.0,692.0070081631508
6758,14533,1.0,122.67097497788664
6759,14533,1.0,407.3084272829876
6765,14533,1.0,158.5227528421282
6796,14533,1.0,615.4815068318237
6830,7233,1.0,292.75693975128723
6830,14175,1.0,318.3378110974707
6831,7233,1.0,815.1430440168443
6831,14175,1.0,630.1806404543981
6832,7233,1.0,188.266079425737
6832,14175,1.0,193.58848275769188
6834,7233,1.0,760.9522086363787
6834,14175,1.0,581.0620805553722
6855,14533,1.0,826.1633661540766
6872,14175,1.0,813.6850025092642
6915,1578,1.0,485.4467509728043
6915,7479,1.0,399.3837696200391
6915,7480,1.0,215.43740906466337
6925,8847,1.0,912.176160787751
6977,14175,1.0,975.4950234575252
7017,15750,1.0,683.6115786858994
7019,1634,1.0,428.9043943365322
7019,3500,1.0,350.5647849505357
7019,11377,1.0,671.4549753409491
7019,15750,1.0,190.7228440667887
7023,1634,1.0,457.3992329594449
7023,3500,1.0,855.0957467121932
7023,15750,1.0,637.8685110437227
7137,1634,1.0,417.7259149786044
7137,1973,1.0,871.870418062036
7137,3500,1.0,910.8550897355956
7137,15750,1.0,991.3706319605286
7139,1578,1.0,838.0106082528769
7139,1634,1.0,766.3864308571515
7140,1578,1.0,805.3382838814233
7140,1634,1.0,809.5278846612913
7192,1634,1.0,634.0603509048248
7192,1973,1.0,681.0699917923627
7272,1578,1.0,341.4756433439903
7272,7479,1.0,919.9281416866992
7272,7480,1.0,661.8060584880876
7421,5635,1.0,841.9826743014694
7421,25003,1.0,882.0525859983348
7436,1973,1.0,718.9115888001709
7468,7233,1.0,959.889060908966
7468,14175,1.0,762.5016388045981
7495,7233,1.0,586.5053488159449
7495,7480,1.0,835.8560069005446
7495,14175,1.0,439.6456425797688
7503,7233,1.0,611.2937772211392
7503,7479,1.0,885.8489454695232
7503,7480,1.0,653.4952946272676
7503,14175,1.0,528.5695946383055
7660,1083,1.0,408.38616800098254
7660,1295,1.0,527.5859855674379
7660,1299,1.0,610.7957186780491
7660,7694,1.0,960.0312439921248
7691,7694,1.0,164.1891751241558
7702,7694,1.0,309.0736236949408
7815,5635,1.0,593.677068671628
7815,25003,1.0,601.1811579955859
7890,3062,1.0,608.5463198606507
7890,8286,1.0,867.0374682327035
7890,17131,1.0,526.6096592191778
7897,3062,1.0,482.3983092595094
7897,8286,1.0,652.8789057370843
7897,17131,1.0,260.498284701092
7970,4009,1.0,465.2257436456294
7977,26359,1.0,410.0079281238933
8078,26359,1.0,860.0435588684201
8099,1724,1.0,743.229974775128
8099,24778,1.0,730.6078487027739
8099,26359,1.0,888.2453792883227
8102,1724,1.0,695.7746389284316
8102,24778,1.0,829.3971222600657
8102,26359,1.0,831.4807067774648
8127,1724,1.0,705.7457367504758
8127,26359,1.0,657.4722051256688
8128,1724,1.0,697.5840030519882
8128,26359,1.0,658.4346076557997
8146,1724,1.0,815.5687643384632
8146,26359,1.0,553.6967180672129
8158,1724,1.0,711.1949465190036
8158,24778,1.0,805.7711136590093
8158,26359,1.0,840.4685055593943
8175,24778,1.0,822.4312368554009
8175,26217,1.0,804.1896201312962
8224,1724,1.0,674.9302721522561
8224,24778,1.0,901.9619218181158
8224,26359,1.0,790.2755574135069
8373,28404,1.0,103.52877358440765
8373,36918,1.0,697.2096210573535
8545,2869,1.0,963.6391310787404
8679,26359,1.0,968.7434013716708
8940,37770,1.0,490.1834911212278
8943,37770,1.0,288.3668007303068
9097,7233,1.0,817.991315314992
9097,14175,1.0,621.9037592337377
9106,7233,1.0,465.6455219768458
9106,7479,1.0,639.1063282484774
9106,7480,1.0,720.8602565285263
9106,14175,1.0,651.946593246857
9431,14533,1.0,918.0053466980625
9630,7233,1.0,766.2609299988808
9630,14175,1.0,572.1554854408273
9634,7233,1.0,771.7714055870227
9634,14175,1.0,569.689407263199
9643,1083,1.0,501.9095855492166
9643,1295,1.0,601.2365672391348
9643,1299,1.0,686.473248184124
9643,7694,1.0,898.2296479627734
9680,1578,1.0,807.1276035012664
9680,7479,1.0,309.2682294052406
9680,7480,1.0,595.4275988307197
9681,8864,1.0,184.58939518178357
9850,14533,1.0,250.3465762528528
9870,1578,1.0,308.68495023834294
9870,7479,1.0,939.6741033264824
9870,7480,1.0,694.735368806032
9875,1578,1.0,618.9174424564594
9875,7480,1.0,714.9467797652692
9878,1578,1.0,609.5965239407417
9878,7479,1.0,990.4142957451494
9878,7480,1.0,669.936951555522
9930,1078,1.0,721.9129628953035
9930,1634,1.0,832.2356417849331
9930,2644,1.0,895.7725923394952
9930,3500,1.0,393.6854776066125
9930,11377,1.0,499.2874762858102
9930,15750,1.0,443.8531751292796
9930,16277,1.0,920.4184889118504
10745,1634,1.0,539.1527248361443
10745,1973,1.0,696.2219270535614
10745,3500,1.0,838.050686402989
10745,11377,1.0,957.9271981004484
10754,1973,1.0,20.4659461425234
10757,26359,1.0,977.3370073799674
10758,26359,1.0,933.6216663940644
10880,2265,1.0,892.7538431997934
10880,2644,1.0,663.7144273110192
10880,26217,1.0,674.1196271154888
10953,1973,1.0,928.0540892613296
10999,2869,1.0,782.4140761699582
11001,2869,1.0,759.1601569075651
11004,2869,1.0,775.5086865527139
11030,2869,1.0,550.9441443200108
11193,1634,1.0,572.118467760147
11193,15750,1.0,838.5677641202824
11209,1973,1.0,842.2866484421083
11217,1634,1.0,783.4334917816909
11217,1973,1.0,722.4384985118874
11220,1634,1.0,756.5621197795634
11220,1973,1.0,729.2020431267239
11229,1634,1.0,549.9701548735013
11229,1973,1.0,690.5289237084672
11231,1634,1.0,498.9666413300198
11231,1973,1.0,724.8393685067713
11231,3500,1.0,949.4452295775652
11236,1634,1.0,470.62142406080335
11236,3500,1.0,981.042649502526
11236,15750,1.0,945.0777518125142
11254,14175,1.0,998.5847959948052
11503,15750,1.0,821.4558585739454
11503,16277,1.0,855.8900075708236
11530,7233,1.0,519.4948343987436
11530,7479,1.0,594.4139978631596
11530,7480,1.0,696.5038679112921
11530,14175,1.0,703.6876145651411
11563,1083,1.0,966.2886528682316
11563,1295,1.0,879.3658611304313
11563,1299,1.0,795.3984294314037
11563,7233,1.0,430.6803304835228
11563,14175,1.0,655.6005970842311
11787,1973,1.0,916.1801757974894
11824,1078,1.0,111.8520991640116
11824,2644,1.0,601.5436825123753
11824,16277,1.0,703.1985749528982
11824,24778,1.0,688.7476306331259
11943,7480,1.0,932.9323334815364
11943,14175,1.0,871.9683278592682
12199,1634,1.0,430.2658418507792
12199,3500,1.0,158.14015197794055
12199,11377,1.0,483.446603113221
12199,15750,1.0,349.76080934801473
12234,1634,1.0,900.1933923669835
12234,1973,1.0,852.7104978225046
12234,3500,1.0,937.9598661302095
12234,11377,1.0,880.4540453830307
12453,1724,1.0,810.7805331365472
12453,26359,1.0,619.2106183323359
12699,1973,1.0,902.3126737681704
12725,7233,1.0,623.5127505094265
12725,7480,1.0,962.2821630113732
12725,14175,1.0,437.5498344555982
12739,1078,1.0,889.7019808524867
12739,24778,1.0,285.49044702473947
12832,7233,1.0,796.7499277140711
12832,14175,1.0,575.922995152478
13072,5635,1.0,144.45775019096607
13072,25003,1.0,128.7065850053313
13141,12816,1.0,763.6776593594137
13206,28404,1.0,372.46573134180335
13206,36918,1.0,652.2474652544606
13355,1634,1.0,456.3600460754109
13355,3500,1.0,66.15069208116522
13355,11377,1.0,392.59480297902167
13355,15750,1.0,443.7012595635953
13357,26359,1.0,550.1783945004929
13379,1724,1.0,839.5662430660191
13379,26359,1.0,710.8858861045493
13425,26359,1.0,403.068044490041
13426,26359,1.0,172.32136189124907
13588,1724,1.0,805.4460434203853
13588,26359,1.0,551.6515694768235
13594,26359,1.0,343.0962852183233
13935,6788,1.0,781.6253876845889
14205,28404,1.0,161.92103534023542
14205,36918,1.0,643.9775980084956
14206,28404,1.0,173.2480153783803
14206,36918,1.0,656.6664399545974
14207,28404,1.0,227.63088931693403
14207,36918,1.0,644.5602867677369
14240,28404,1.0,164.59748824672866
14240,36918,1.0,762.6333814950049
14289,7233,1.0,814.779026388359
14289,7480,1.0,809.2533565481245
14289,14175,1.0,673.2632361508404
14390,1634,1.0,428.0242234288973
14390,1973,1.0,765.736002251323
14390,3500,1.0,803.819261237105
14390,11377,1.0,972.1839511861748
14931,1634,1.0,506.00727644187793
14931,3500,1.0,186.90350737343408
14931,11377,1.0,290.59870005171
14931,15750,1.0,660.4186096857651
15029,1724,1.0,585.6261869113656
15029,12383,1.0,757.3658881584199
15029,24778,1.0,643.3845850056586
15079,2644,1.0,819.0160526161889
15079,26217,1.0,266.4583333852239
15248,1973,1.0,762.3366947851463
15289,1578,1.0,853.8768872908805
15289,1973,1.0,976.6330519988312
15525,37770,1.0,646.0778242203925
15596,24778,1.0,973.3495718377252
15596,26217,1.0,843.383190834161
15596,26359,1.0,960.1309433618007
15703,5635,1.0,848.8578711655076
15703,25003,1.0,799.5570112938765
15808,1973,1.0,925.6005168124632
15900,5635,1.0,634.657963369745
15900,25003,1.0,636.3714520337012
15906,1634,1.0,939.0218136734596
15906,1973,1.0,654.9334548149689
16002,37770,1.0,268.0178620040969
16066,5635,1.0,114.45852626638974
16066,25003,1.0,65.66211735413367
16067,5635,1.0,51.88266373776705
16067,25003,1.0,4.767314039294418
16079,5635,1.0,541.310067974345
16079,25003,1.0,549.7791516531354
16420,1578,1.0,550.2249576218709
16420,7479,1.0,678.3238988285818
16420,7480,1.0,353.97497891845904
16421,1578,1.0,583.0794925374772
16422,1578,1.0,853.5807224455062
16422,1634,1.0,736.7474695283947
16622,2869,1.0,993.8875730826
16770,1634,1.0,897.8277146179905
16770,1973,1.0,969.7557272811512
16770,3500,1.0,871.5256400217592
16770,11377,1.0,783.0379128034339
16771,1634,1.0,933.8752561699322
16771,1973,1.0,703.7409495133589
16773,1724,1.0,818.1408856743125
16773,12383,1.0,799.5942347998387
16773,24778,1.0,447.05355829410985
16884,37770,1.0,417.9157647254009
16936,25964,1.0,837.8682954554642
17013,37770,1.0,273.2664487772045
17290,1078,1.0,324.1470137654732
17290,2644,1.0,882.5196313026122
17290,3500,1.0,989.7591491568512
17290,11377,1.0,987.5248816297468
17290,15750,1.0,910.1162510895984
17290,16277,1.0,399.21509585566616
17290,24778,1.0,919.1059657695114
17462,14533,1.0,731.5894287991848
18053,7873,1.0,557.687291194458
18113,6788,1.0,845.0982668559867
18184,7873,1.0,45.81435730537882
18328,20572,1.0,506.9193541647001
18328,39880,1.0,696.263232696247
18392,1078,1.0,560.1262726840715
18392,2644,1.0,908.6629589123236
18392,12383,1.0,963.8810380566988
18392,16277,1.0,863.5331081630546
18392,24778,1.0,265.05271461769496
18920,7873,1.0,795.4874486621507
18955,14175,1.0,910.717696939708
18956,14175,1.0,925.4916380450215
19524,2869,1.0,609.7723863697804
19594,37770,1.0,384.7412903351239
19680,14533,1.0,284.5022681259063
19735,12816,1.0,758.0679014237217
19735,20572,1.0,920.7002110365954
19735,39880,1.0,211.54324360419497
19769,14533,1.0,950.5868122989548
19817,7233,1.0,376.4307947468956
19817,7480,1.0,962.381572524098
19817,14175,1.0,194.74106490715556
19900,12816,1.0,705.6288132171841
20293,1295,1.0,944.6458021866492
20293,1299,1.0,860.9365716733251
20293,7233,1.0,366.3054509947784
20293,14175,1.0,593.157656500257
20313,1578,1.0,83.98934982047938
20313,7479,1.0,892.601853516899
20313,7480,1.0,732.5099000892329
20320,2644,1.0,749.0220792130617
20320,26217,1.0,87.04223700065576
20440,14533,1.0,138.4455028742817
20481,7233,1.0,896.5361911088778
20481,14175,1.0,677.7685422909711
20518,1578,1.0,905.5064930851304
20518,1973,1.0,939.883530655444
20518,7480,1.0,985.9484515432912
20541,24778,1.0,827.6515138065569
20541,26217,1.0,970.8878159777884
20541,26359,1.0,900.587345355618
20588,8864,1.0,30.449346789409606
20591,8864,1.0,301.47847952207354
20593,8864,1.0,261.12150545374686
20595,20572,1.0,505.72793679046015
20596,20572,1.0,533.8933756656389
20688,8847,1.0,938.7772180314212
20825,12816,1.0,710.6676326300885
20855,2644,1.0,725.3808431314941
20855,26217,1.0,58.90943120220072
20945,1078,1.0,869.1334083067043
20945,24778,1.0,343.3316223852259
21036,12816,1.0,277.41639116512664
21036,39880,1.0,376.6409596231302
21073,14175,1.0,902.134665315116
21091,5635,1.0,781.5176199252511
21091,25003,1.0,822.1614569000559
21092,5635,1.0,801.115879592245
21092,25003,1.0,842.4060758011782
21107,3062,1.0,209.55427003264936
21107,8286,1.0,225.17120374169468
21107,17131,1.0,470.7645812553959
21126,3062,1.0,182.0107114335937
21126,8286,1.0,200.0242612254453
21126,17131,1.0,430.7331073662244
21127,3062,1.0,316.7051425564053
21127,8286,1.0,316.28135396633206
21127,17131,1.0,594.6251294127883
21138,1724,1.0,989.5939981169984
21138,26359,1.0,832.4226334501532
21141,1724,1.0,936.8198539559633
21141,26359,1.0,788.095904054214
21146,14533,1.0,767.430938790348
21154,1078,1.0,458.2831596268025
21154,2644,1.0,152.94456639270257
21154,11377,1.0,784.4113232289077
21154,26217,1.0,837.9994626268689
21161,1724,1.0,841.4940744723074
21161,26359,1.0,567.7949891953621
21174,1724,1.0,648.5734276276286
21174,26359,1.0,732.9950707165375
21181,14533,1.0,171.00636555228726
21190,1724,1.0,852.9764283242106
21190,26359,1.0,767.4153874939287
21202,14533,1.0,707.7835252081937
21232,7480,1.0,960.8096807957754
21232,14175,1.0,898.4858962220895
21262,3062,1.0,540.3639544864507
21262,8286,1.0,810.089373711574
21262,17131,1.0,491.8039857256037
21268,1724,1.0,757.2977070188402
21268,26359,1.0,647.8096594296929
21630,8864,1.0,346.0930792560381
21631,8864,1.0,862.8545469429903
21665,1078,1.0,916.4860436998364
21665,24778,1.0,416.94980124946267
21665,26217,1.0,955.6431337473044
21778,14533,1.0,230.77130671183548
21936,1578,1.0,612.0196049248672
21936,7479,1.0,741.8168659620002
21936,7480,1.0,406.55924374344966
22108,1078,1.0,312.0226335321731
22108,2644,1.0,829.1584053976031
22108,3500,1.0,912.3099842833276
22108,11377,1.0,905.0786918702296
22108,15750,1.0,857.9593435787531
22108,16277,1.0,476.06905459489946
22108,24778,1.0,972.9673893637262
22398,12816,1.0,829.1267187454637
22453,1578,1.0,634.4213176897085
22453,7480,1.0,953.101612754826
22536,37770,1.0,728.5576379217932
22537,37770,1.0,821.0778489989729
22543,1973,1.0,995.3609234628842
22545,37770,1.0,239.0417524121692
22708,1578,1.0,707.0696457044058
22708,7480,1.0,968.9207273283332
22764,2644,1.0,639.8983287766666
22764,26217,1.0,144.2569781519998
23011,14533,1.0,919.8590750771282
23029,14533,1.0,553.6363462944581
23141,1973,1.0,21.00761907273319
23333,4009,1.0,171.66052181052214
23427,12816,1.0,655.0284116482115
23432,12816,1.0,755.5675946998163
23565,12816,1.0,415.4765657648568
23565,39880,1.0,621.8916243306303
23635,8864,1.0,838.2002759595007
23723,1973,1.0,902.6846978371856
23785,26359,1.0,614.6447714033369
23813,37770,1.0,364.4822931236256
24132,1078,1.0,910.7148556585807
24132,1634,1.0,863.6704588329366
24132,2644,1.0,691.6218944478511
24132,3500,1.0,394.354886805645
24132,11377,1.0,73.74712183116766
24132,15750,1.0,835.1824936221755
24306,12816,1.0,298.89283043689977
24306,39880,1.0,900.3596114942852
24595,1078,1.0,882.82623953119
24595,12383,1.0,868.7210718378434
24595,24778,1.0,158.14471464277037
24685,7233,1.0,685.6535220226943
24685,7479,1.0,831.8858140526384
24685,7480,1.0,577.1516136681464
24685,14175,1.0,618.32544870907
24755,1078,1.0,872.3706335811556
24755,12383,1.0,587.0964394774041
24755,16277,1.0,280.3112681493032
24755,24778,1.0,876.2499476920087
24758,1078,1.0,724.5132380776315
24758,12383,1.0,663.7258388161703
24758,16277,1.0,167.29797427241513
24758,24778,1.0,803.3565769586406
24855,7233,1.0,224.85285632799668
24855,7479,1.0,902.9525464298356
24855,7480,1.0,932.1335506086192
24855,14175,1.0,447.8118661386914
25039,14533,1.0,181.94040803006803
25043,14175,1.0,987.9791923655716
25047,14175,1.0,847.3604142770647
25049,7233,1.0,942.139892280972
25049,14175,1.0,743.2549936188014
25332,1078,1.0,437.3908084318496
25332,2644,1.0,254.52872404380253
25332,11377,1.0,932.060308603764
25332,24778,1.0,919.1906573290167
25332,26217,1.0,764.1801839502093
25341,14533,1.0,168.78860982266215
25362,1078,1.0,465.37511179877134
25362,15750,1.0,885.7962542444918
25362,16277,1.0,285.88736713860874
25362,24778,1.0,971.1020288358012
25447,1634,1.0,486.8734720340448
25447,3500,1.0,854.2885750374877
25447,15750,1.0,604.1408507775404
25516,22924,1.0,469.1713168204962
25641,25964,1.0,882.3291925864588
25833,26359,1.0,673.7706021579305
25910,1973,1.0,787.1768917084677
25962,5635,1.0,837.6714127076978
25962,25003,1.0,877.5451731779667
25990,7233,1.0,590.4809738240328
25990,7479,1.0,793.5088505085185
25990,7480,1.0,576.3629007335464
25990,14175,1.0,545.1119605423245
26050,37770,1.0,586.0606966743097
26639,28404,1.0,114.2466959839757
26639,36918,1.0,681.5288663606891
26642,28404,1.0,93.04040438121682
26642,36918,1.0,695.5062208427846
26661,37770,1.0,320.48871605775025
27057,1973,1.0,795.3264721754108
27065,14175,1.0,876.1197289062263
27340,7233,1.0,485.4889289253369
27340,7479,1.0,883.3487262912532
27340,7480,1.0,694.9762756441495
27340,14175,1.0,417.2688647541901
27345,7233,1.0,324.0096742007633
27345,7480,1.0,918.2042360583786
27345,14175,1.0,181.00312898704888
27472,7233,1.0,726.6673992814227
27472,14175,1.0,498.8268341846907
27475,14533,1.0,447.6584792335426
27580,14533,1.0,865.7983852465997
28434,1634,1.0,772.7425679782813
28434,3500,1.0,659.1600291909828
28434,11377,1.0,930.6545256489192
28434,15750,1.0,184.8587420563443
28434,16277,1.0,986.6636107863608
28466,1634,1.0,138.4166787041043
28466,3500,1.0,479.52799844245726
28466,11377,1.0,715.9248703848291
28466,15750,1.0,683.561497926499
28468,1634,1.0,143.50102879768752
28468,3500,1.0,443.3161768180019
28468,11377,1.0,683.7725835370053
28468,15750,1.0,656.5113271833532
28469,1634,1.0,197.2638854987796
28469,3500,1.0,403.4806782100025
28469,11377,1.0,629.878592533254
28469,15750,1.0,661.0436627650806
28515,1578,1.0,613.480982771172
28515,7480,1.0,856.2973611542235
28768,37770,1.0,582.8714525259878
28886,14533,1.0,735.6872313433074
29071,7873,1.0,103.19176602252908
29114,7233,1.0,824.4030064116376
29114,7480,1.0,806.346265465263
29114,14175,1.0,683.8540328617247
29197,26217,1.0,262.1134201350346
29199,2644,1.0,936.2967672083169
29199,26217,1.0,202.97206118659724
29201,24778,1.0,894.7224532435308
29201,26217,1.0,926.3328095974288
29201,26359,1.0,907.0986079115868
29717,7233,1.0,811.34769815536
29717,14175,1.0,655.7604172297498
30468,12816,1.0,359.5243549956439
30468,39880,1.0,807.1487775851926
30478,12816,1.0,514.3432003067836
30482,1634,1.0,822.2061113989428
30482,2644,1.0,889.9335630891928
30482,3500,1.0,499.25694876736526
30482,11377,1.0,275.2005695586606
30482,15750,1.0,988.752411319564
30926,24778,1.0,664.8009324206679
30926,26217,1.0,758.038450449498
30927,24778,1.0,686.2711037861288
30927,26217,1.0,740.6165550061233
30928,24778,1.0,754.9807229606788
30928,26217,1.0,661.1112534521126
31054,1724,1.0,683.8014980803716
31054,24778,1.0,876.5314238922758
31054,26359,1.0,802.3178624911312
31078,14533,1.0,863.608606917885
31338,2869,1.0,609.7153709023488
31618,5635,1.0,544.5852980022124
31618,25003,1.0,538.1320150423708
31724,14533,1.0,200.2976139329395
32118,7233,1.0,960.6176717286426
32118,14175,1.0,772.6148304879329
32205,26084,1.0,468.0572839096271
32212,26084,1.0,381.9544368707146
32236,2869,1.0,900.8601412447588
32470,1724,1.0,545.8428030715075
32470,12383,1.0,779.7653331802569
32470,24778,1.0,687.8941906729332
32473,1724,1.0,390.1458028710452
32473,12383,1.0,786.6757001841536
32473,24778,1.0,826.6533941366183
32484,1724,1.0,818.808740869433
32484,12383,1.0,377.40090776263503
32484,16277,1.0,975.6877273272734
32484,24778,1.0,488.0456174775719
32597,7694,1.0,415.6752155557535
32602,7694,1.0,525.2226525618777
32804,1083,1.0,865.274505565082
32804,1295,1.0,782.2635195208328
32804,1299,1.0,699.0613562937042
32804,7233,1.0,510.1942104317003
32804,14175,1.0,727.2704643724427
32805,1083,1.0,775.4206011773558
32805,1295,1.0,685.3314811165181
32805,1299,1.0,601.4034814052387
32805,7233,1.0,611.1335774154339
32805,14175,1.0,827.2972425801249
32853,1634,1.0,884.0526746204026
32853,1973,1.0,856.4946321627764
33150,37770,1.0,994.4936320927394
33174,1634,1.0,254.25664269499683
33174,3500,1.0,446.3812217206184
33174,11377,1.0,770.3357357898462
33174,15750,1.0,355.0488074901497
33291,1724,1.0,426.0120407721213
33294,7873,1.0,89.10059279616347
33335,7873,1.0,43.7566928895375
33344,8847,1.0,786.755249847339
33447,8725,1.0,530.4674928031345
33454,8725,1.0,597.4152786184123
33478,7873,1.0,157.6569878311298
33480,7873,1.0,138.81681338604213
33481,7873,1.0,117.11403101627477
33508,7233,1.0,240.02336644964808
33508,7479,1.0,838.4336722767781
33508,7480,1.0,853.0343836841171
33508,14175,1.0,440.5608992284925
33530,2869,1.0,853.0726112295653
33883,1973,1.0,487.6398906894119
33922,8725,1.0,903.45850818538
33949,8847,1.0,430.1759060484869
34004,12816,1.0,102.72909236331935
34004,39880,1.0,656.3956523236285
34082,1078,1.0,655.6637302101806
34082,1634,1.0,997.4778276521304
34082,2644,1.0,557.9983486621343
34082,3500,1.0,486.2421096572936
34082,11377,1.0,297.6697294224941
34082,15750,1.0,797.2007594437677
34096,7873,1.0,106.5503557646789
34235,8847,1.0,515.6876982245177
34237,12816,1.0,344.4920223034809
34237,39880,1.0,306.9554314552037
34569,12816,1.0,839.5904619508681
34656,1634,1.0,229.35310107791
34656,3500,1.0,717.4321544876595
34656,15750,1.0,672.0303443540839
34676,1634,1.0,411.8677871975352
34676,3500,1.0,312.327806455733
34676,11377,1.0,635.2386829981743
34676,15750,1.0,225.48606435349384
34677,1634,1.0,359.9246661901
34677,3500,1.0,333.5857674057006
34677,11377,1.0,660.320084413693
34677,15750,1.0,258.8592365414895
34736,1724,1.0,775.3905461975575
34736,26359,1.0,591.7912952750797
35076,1578,1.0,760.8829597599042
35076,1634,1.0,889.5908754486333
35285,12816,1.0,798.548568346392
35287,12816,1.0,741.6334711158721
35289,12816,1.0,785.4379737226016
35481,6788,1.0,756.7553104962252
35583,6788,1.0,933.34761980363
35604,6788,1.0,722.2027176750668
37217,14533,1.0,79.14476873458226
37279,1083,1.0,293.9120989588115
37279,1295,1.0,374.1435218163357
37279,1299,1.0,459.62472531288887
37695,1078,1.0,758.7243393579935
37695,2644,1.0,350.2654017952721
37695,3500,1.0,734.1951514200349
37695,11377,1.0,430.9488283478341
37758,1578,1.0,832.8566120350437
37758,1973,1.0,997.9006888197342
37948,1578,1.0,447.1235386704555
37948,7479,1.0,904.2097501759166
37948,7480,1.0,939.5849972765216
37953,1578,1.0,444.66812463118646
37953,7479,1.0,822.7542813403078
37953,7480,1.0,874.2850880948521
38264,37770,1.0,353.38096606084747
38534,1083,1.0,504.5099676503345
38534,1295,1.0,619.2710781406515
38534,1299,1.0,703.3236102632081
38534,7694,1.0,869.7298075514253
39010,1578,1.0,773.6247216106805
39010,7479,1.0,332.11041832096663
39010,7480,1.0,599.5079648633597
39199,5239,1.0,364.8491066318586
39199,37770,1.0,945.2753819340824
39226,12816,1.0,950.7413809875152
40072,14533,1.0,677.6191483131457
40731,30108,1.0,545.2920965203027
41476,1078,1.0,985.712621529739
41476,24778,1.0,571.926645186199
41476,26217,1.0,829.9073350453876
1320,1351,1.0,488.1163122521441
1350,1332,1.0,782.10590676908
3789,1351,1.0,272.3916788539292
3791,1351,1.0,705.110503320599
5744,1351,1.0,114.4204057931187
518,20572,1.0,603.323279879637
1424,20572,1.0,255.0531942853486
1424,39880,1.0,960.3515166604362
1435,12816,1.0,690.4573528938869
1435,39880,1.0,260.5613807371582
1471,7694,1.0,424.4232466672069
1517,4009,1.0,971.7459132372052
1672,7233,1.0,638.3847014644797
1672,7479,1.0,742.7656764744896
1672,7480,1.0,513.6110917071871
1672,14175,1.0,606.0372795735102
1699,1078,1.0,292.0382948810939
1699,2644,1.0,517.6072677580786
1699,3500,1.0,778.1557507676389
1699,11377,1.0,662.4183151853929
1699,15750,1.0,910.8914115930792
1699,16277,1.0,802.3631009584034
2031,5635,1.0,733.5626779787054
2031,25003,1.0,771.6134708485481
2267,1973,1.0,578.5459432647827
2478,7694,1.0,760.858889454579
2586,15750,1.0,686.8869565915196
2643,7233,1.0,765.8035832704201
2643,14175,1.0,570.2524342663113
2784,3062,1.0,907.288766295744
2784,17131,1.0,943.6316529463886
2908,1724,1.0,396.0273897632595
2912,7233,1.0,367.6681132796465
2912,14175,1.0,383.2450191258286
2946,7694,1.0,246.03581413381087
2979,7694,1.0,364.7077997498319
3020,26359,1.0,771.7223109189631
3347,7694,1.0,700.3602890025791
3497,1578,1.0,874.6792771072616
3672,12816,1.0,907.8041176450394
3778,1578,1.0,323.1534750843295
3778,7480,1.0,993.7163929505264
3806,1634,1.0,858.1646945350649
3806,3500,1.0,915.0671424907624
3806,15750,1.0,432.7214086631016
3807,1634,1.0,857.8101401465518
3807,3500,1.0,915.1166889127368
3807,15750,1.0,432.8680727465295
3926,7694,1.0,49.71261042130272
3927,7694,1.0,111.42799082004636
3929,7694,1.0,820.8560685365593
4355,12816,1.0,809.6918140184168
4374,12816,1.0,876.418919369537
4410,7694,1.0,719.0067907651663
4411,7694,1.0,962.619932907712
4412,7694,1.0,661.0133237917505
4413,7694,1.0,802.4576135730623
4414,7694,1.0,851.1786655783848
4420,7694,1.0,142.62825550928247
4421,7694,1.0,440.5159284438136
4422,7694,1.0,441.2479836339144
4423,7694,1.0,535.116255641289
4656,12816,1.0,845.4221787835671
4656,39880,1.0,479.5407872489407
4694,12816,1.0,669.9757913202716
4694,39880,1.0,903.7431809425132
4799,12816,1.0,686.3605943251662
4799,20572,1.0,981.972022104644
4799,39880,1.0,164.18429468991926
4803,12816,1.0,943.6953575633856
4803,39880,1.0,684.3178505373437
4918,1083,1.0,79.7488238965231
4918,1295,1.0,230.48962469431268
4918,1299,1.0,273.6056731325576
4919,1083,1.0,78.53872898034446
4919,1295,1.0,231.4263551525744
4919,1299,1.0,275.546505260832
5339,1973,1.0,194.4074163692496
5376,7694,1.0,982.6316476050656
5651,5635,1.0,669.0833037449822
5651,25003,1.0,652.0547952842343
5652,5635,1.0,911.8298187247416
5652,25003,1.0,868.0284232294878
5653,5635,1.0,868.0305129566963
5653,25003,1.0,818.2363930677633
5669,1078,1.0,478.0285454756557
5669,12383,1.0,924.6150612534796
5669,16277,1.0,177.55631132329373
5669,24778,1.0,837.5989536052269
6057,20572,1.0,851.4368918933326
6057,39880,1.0,839.6025435476332
6438,2644,1.0,924.7520049815644
6438,24778,1.0,800.289986247938
6438,26217,1.0,560.5741663239402
6439,1078,1.0,921.820807947468
6439,2644,1.0,783.5416778365643
6439,24778,1.0,829.0988743057828
6439,26217,1.0,469.85096462435695
6442,2265,1.0,908.594052810274
6442,2644,1.0,701.7056138725849
6442,11377,1.0,688.2288442755406
6445,1634,1.0,239.2508404385466
6445,3500,1.0,285.41062073396694
6445,11377,1.0,593.5487928423389
6445,15750,1.0,438.03201347108313
6446,1634,1.0,239.28809877796544
6446,3500,1.0,285.6537088355676
6446,11377,1.0,593.9390985147076
6446,15750,1.0,437.4795113003778
6537,1083,1.0,501.85020418916224
6537,1295,1.0,484.0181896496188
6537,1299,1.0,422.7892988906268
6537,7233,1.0,848.5951168404612
6538,1083,1.0,372.199139705453
6538,1295,1.0,438.2361900717988
6538,1299,1.0,417.112473885495
6539,1083,1.0,393.48324031467575
6539,1295,1.0,543.8219458341404
6539,1299,1.0,569.2816126677641
6540,1083,1.0,487.2420886629691
6540,1295,1.0,652.7331989192323
6540,1299,1.0,692.6437565053654
6541,1083,1.0,619.093546320786
6541,1295,1.0,789.2813616493735
6541,1299,1.0,838.8817191960178
6542,1083,1.0,758.110769553285
6542,1295,1.0,928.676785731072
6542,1299,1.0,984.1508881543696
6542,7694,1.0,931.1734009478978
6543,1083,1.0,566.8012423369094
6543,1295,1.0,693.0828759181262
6543,1299,1.0,775.7365577059804
6543,7694,1.0,794.9094692549684
6545,7694,1.0,213.3353500627105
6546,7694,1.0,687.5332411410476
6547,7694,1.0,687.6605167328278
6548,7694,1.0,833.2287826210306
6549,7694,1.0,938.1094379886472
6561,3500,1.0,982.3561505364833
6561,15750,1.0,495.516888014484
6563,15750,1.0,980.2592484202236
6564,1634,1.0,998.053361883888
6564,15750,1.0,844.6313140632876
6565,15750,1.0,940.8316765231408
6593,28404,1.0,221.3577254856508
6593,36918,1.0,806.5967517008004
6594,28404,1.0,260.818280656498
6594,36918,1.0,559.8162452637255
6595,28404,1.0,348.28680999023624
6596,28404,1.0,464.6150316906949
6596,36918,1.0,326.6298746780279
6597,28404,1.0,616.3640991787763
6597,36918,1.0,446.4675851706788
6638,25003,1.0,991.6038223344397
6657,12816,1.0,712.9114463643834
6660,12816,1.0,940.5407607830962
6661,12816,1.0,574.5320246833977
6662,12816,1.0,873.3293127754147
6674,39880,1.0,879.0168815433622
6707,7233,1.0,350.2254069839962
6707,7479,1.0,715.1071522456956
6707,7480,1.0,669.3631370797908
6707,14175,1.0,462.4100433001993
6710,7233,1.0,224.2462073712507
6710,7479,1.0,831.0528613079827
6710,7480,1.0,817.280310081827
6710,14175,1.0,396.5289902375734
6712,7233,1.0,139.80162463469767
6712,7479,1.0,970.7869104999754
6712,7480,1.0,975.3631125265604
6712,14175,1.0,368.0068000020525
6713,7233,1.0,139.80582019570122
6713,7479,1.0,971.4091259660298
6713,7480,1.0,976.0893177437464
6713,14175,1.0,368.1229889551419
6746,1578,1.0,929.8116241075384
6746,7233,1.0,963.9747467781644
6746,7479,1.0,811.2359514961021
6746,7480,1.0,482.67143020184295
6746,14175,1.0,904.9500297048056
6747,7233,1.0,805.0988898888266
6747,7479,1.0,800.7409879312462
6747,7480,1.0,509.3694339284408
6747,14175,1.0,744.9247136219965
6749,7233,1.0,571.7993986224334
6749,7479,1.0,843.1309118542417
6749,7480,1.0,627.3643980997336
6749,14175,1.0,508.95584196181534
6750,7233,1.0,571.0023202348932
6750,7479,1.0,843.4107973825334
6750,7480,1.0,627.9082065462926
6750,14175,1.0,508.1377031180557
6751,7233,1.0,134.78074047277084
6751,14175,1.0,103.856271253469
6768,14533,1.0,590.2301738473711
6769,14533,1.0,669.4651780967014
6804,7233,1.0,959.6984202593792
6804,14175,1.0,774.1944161626097
6810,14533,1.0,950.5104344093536
6811,14533,1.0,812.2036959830428
6813,14533,1.0,616.0652618218661
6814,14533,1.0,612.5994944928781
6840,7233,1.0,451.2647765263279
6840,14175,1.0,256.66243226587784
6842,7233,1.0,464.6072101557968
6842,14175,1.0,290.5372124534861
6844,7233,1.0,406.36645313386
6844,14175,1.0,457.665055637025
6845,1083,1.0,829.5153374436866
6845,1295,1.0,758.7184283918615
6845,1299,1.0,677.7538249480212
6845,7233,1.0,522.1486274236645
6845,14175,1.0,728.7019210043812
6882,14533,1.0,950.035536086498
6884,14533,1.0,526.4581350526549
6918,1578,1.0,613.1825562132013
6918,7479,1.0,593.3128024404173
6918,7480,1.0,255.8879503327615
6920,1578,1.0,390.2323124757588
6920,7479,1.0,464.65422879635616
6920,7480,1.0,468.0703967171496
7076,1634,1.0,694.0951467174358
7076,3500,1.0,602.0977230970205
7076,11377,1.0,539.3075597141365
7084,1634,1.0,473.04462310672295
7084,1973,1.0,870.4348852439006
7084,3500,1.0,666.5902964492917
7084,11377,1.0,765.9722259392918
7120,1973,1.0,120.07423645391547
7121,1634,1.0,797.7728240966653
7121,1973,1.0,392.0692583339613
7352,1973,1.0,472.8245165811512
7425,1973,1.0,493.5227102321021
7426,1973,1.0,495.0658143614127
8199,1973,1.0,525.9797046296167
8255,3062,1.0,522.563873861348
8255,8286,1.0,699.7071696081147
8255,17131,1.0,307.47846906147737
9103,1578,1.0,178.24678713431436
9103,7479,1.0,818.7646000410126
9103,7480,1.0,759.9027130990245
9113,1078,1.0,383.3584274895457
9113,2644,1.0,977.2440355900652
9113,15750,1.0,998.6530724667406
9113,16277,1.0,282.5069907154051
9113,24778,1.0,846.2092157125546
9442,1083,1.0,945.0662391265284
9442,1295,1.0,809.2013207076608
9442,1299,1.0,725.8651934354513
9442,7233,1.0,729.9934828650352
9442,7479,1.0,963.3945224534064
9442,14175,1.0,960.6818847698283
9442,26236,1.0,781.9731888458266
9747,28404,1.0,77.88890036260243
9747,36918,1.0,848.8251643301872
9752,28404,1.0,395.37269974205634
9972,2869,1.0,672.3914466684209
9973,2869,1.0,674.1988084456295
10250,1634,1.0,570.8869947556743
10250,3500,1.0,358.6940165897312
10250,11377,1.0,342.8799467150972
10250,15750,1.0,827.1632659694653
10259,1634,1.0,933.2334565929468
10259,2644,1.0,974.7637630190796
10259,3500,1.0,677.3982623098816
10259,11377,1.0,461.0103123633956
10470,20572,1.0,485.656993007176
10748,1634,1.0,985.2470657349083
10748,1973,1.0,254.71277639671183
10749,1973,1.0,241.2960635623287
12392,1634,1.0,624.5418138944599
12392,1973,1.0,577.5282368836048
13547,1578,1.0,658.4298023646819
13640,1724,1.0,795.7158887175464
13640,26359,1.0,851.2405681476716
13908,1634,1.0,746.811988452712
13908,15750,1.0,700.3689757227677
13912,37770,1.0,304.0888134498828
13928,12816,1.0,734.5544218552049
13928,20572,1.0,926.7452763956156
13928,39880,1.0,124.8988619129654
14223,26359,1.0,228.7082324499071
14224,26359,1.0,319.5278870606499
14260,2869,1.0,700.9408143978349
14261,2869,1.0,584.3694999892272
14321,2869,1.0,917.9477843877072
14367,1578,1.0,795.3273190681555
14378,14533,1.0,736.6842977894423
14389,1973,1.0,671.1914428617002
14423,1634,1.0,676.409843093488
14423,1973,1.0,905.7229133926588
14423,3500,1.0,730.1550136446831
14423,11377,1.0,727.0068971518317
14449,30108,1.0,968.2089953982098
14485,37770,1.0,294.41669134080166
14486,37770,1.0,546.1902115991688
14489,5239,1.0,636.8790644295319
14489,37770,1.0,684.1157273751353
14540,7873,1.0,987.479547176826
14544,8847,1.0,979.5402996062264
14546,7873,1.0,913.3317627202764
14546,8847,1.0,825.60223671945
14547,4009,1.0,855.6772363641782
14552,6788,1.0,571.9648260774148
14555,1078,1.0,820.5410755150717
14555,3500,1.0,816.5497623082113
14555,11377,1.0,987.4579285783476
14555,15750,1.0,494.7515518066589
14555,16277,1.0,614.156960641118
14556,1078,1.0,559.0261406990032
14556,12383,1.0,935.399489456086
14556,16277,1.0,123.0982805178188
14556,24778,1.0,914.4470067285256
14601,1973,1.0,754.0261424012199
14621,2869,1.0,951.3967536733988
14625,2869,1.0,978.6503752028068
14627,2869,1.0,801.4936026344774
14631,2869,1.0,907.9382834527532
14686,1634,1.0,379.3718721842931
14686,3500,1.0,889.9177635874936
14686,15750,1.0,869.2694941908549
14721,2869,1.0,818.7597998161783
14800,3062,1.0,695.8586891099104
14800,8286,1.0,935.0480660588358
14800,17131,1.0,978.1385383228762
14809,26356,1.0,816.3371074989756
14865,28404,1.0,409.83345898445583
14865,36918,1.0,899.4630868542466
15096,26084,1.0,856.3401941858278
15127,1078,1.0,498.3181341380087
15127,2644,1.0,875.0348606226648
15127,12383,1.0,962.9369998870698
15127,16277,1.0,810.4996916316555
15127,24778,1.0,304.4950715813439
15128,1078,1.0,641.8293395688302
15128,2644,1.0,990.9189187394676
15128,12383,1.0,917.6237467675808
15128,16277,1.0,896.1405937054911
15128,24778,1.0,186.1695178915755
15345,20572,1.0,683.5995591356551
15345,39880,1.0,449.11812854214975
15349,12816,1.0,870.8671770218398
15349,20572,1.0,873.2960306055905
15349,39880,1.0,320.42908799738217
15661,24778,1.0,794.9758515855852
15661,26217,1.0,932.3153785476044
15661,26359,1.0,952.3137252914032
15662,24778,1.0,831.6782529422578
15662,26217,1.0,976.820742703336
15662,26359,1.0,893.3753566603973
15677,24778,1.0,908.8189981328956
15677,26217,1.0,947.8812960318824
15677,26359,1.0,881.8527839783724
15699,5635,1.0,767.1612430557791
15699,25003,1.0,738.7504789782453
15700,5635,1.0,490.0924554504716
15700,25003,1.0,457.6833090005078
15725,1078,1.0,576.432962927522
15725,2644,1.0,774.5683346238634
15725,24778,1.0,435.2453800275917
15725,26217,1.0,881.1364025748863
15729,1078,1.0,463.072827940786
15729,2644,1.0,395.953847865646
15729,24778,1.0,791.5783498520572
15729,26217,1.0,718.80779016733
15731,1078,1.0,608.1365591310307
15731,2644,1.0,3.493011992085807
15731,11377,1.0,760.3864169431296
15731,26217,1.0,772.5060368733103
15735,1078,1.0,174.01263523332182
15735,2644,1.0,778.3673887428828
15735,16277,1.0,480.6593356066534
15735,24778,1.0,773.597354723412
15745,1078,1.0,946.766209047678
15745,15750,1.0,640.4828768889265
15745,16277,1.0,572.8335904324224
15747,15750,1.0,749.4685243719192
15747,16277,1.0,564.3744635377718
15749,1634,1.0,950.4872700370212
15749,3500,1.0,918.3004600300576
15749,15750,1.0,430.4920771877194
15792,1634,1.0,217.81989786794068
15792,3500,1.0,319.16750520064073
15792,11377,1.0,573.7534558510092
15792,15750,1.0,577.7547259224244
15833,1973,1.0,898.5966647946191
15833,7480,1.0,994.4444521111948
15835,1578,1.0,530.328440531683
15836,1578,1.0,610.6016327989454
15856,1078,1.0,676.4647536901184
15856,12383,1.0,640.6360871960327
15856,16277,1.0,681.3726700553509
15856,24778,1.0,221.3241082589742
15858,1724,1.0,848.8502197729935
15858,12383,1.0,622.396521316797
15858,24778,1.0,357.93724678473427
15859,1724,1.0,883.6811187636284
15859,12383,1.0,521.8128212523023
15859,16277,1.0,991.9872751822722
15859,24778,1.0,347.5299966558332
15860,1634,1.0,489.8312221664516
15860,1973,1.0,700.1613677944898
15860,3500,1.0,877.8924370344956
15863,1634,1.0,352.4616186122004
15863,1973,1.0,899.802873633136
15863,3500,1.0,641.6750017478105
15863,11377,1.0,798.41872745075
15863,15750,1.0,915.6646773006316
15864,1973,1.0,341.9445707865483
15865,1973,1.0,578.032166463391
15870,15750,1.0,724.6024368136367
15879,1634,1.0,486.3596272752292
15879,3500,1.0,687.8116784360407
15879,15750,1.0,352.80024173255055
15884,1634,1.0,462.85761996912055
15884,3500,1.0,860.7767824365246
15884,15750,1.0,641.9571321328668
15886,1634,1.0,544.6122028362634
15886,15750,1.0,830.0249035748645
15910,5635,1.0,736.30459790994
15910,25003,1.0,755.3593760766032
15911,5635,1.0,895.4441124575203
15911,25003,1.0,898.3003053199059
15923,3062,1.0,885.7979710487527
15939,5635,1.0,334.96525236609773
15939,25003,1.0,369.8770327080714
15961,1078,1.0,830.8893128924327
15961,12383,1.0,430.743864159556
15961,16277,1.0,654.6989302607491
15961,24778,1.0,373.1282697317387
16003,37770,1.0,413.21719341493474
16030,6788,1.0,782.7845847016862
16105,20572,1.0,826.5558422541524
16275,14533,1.0,909.6112635324798
16278,14533,1.0,860.5974945650461
16423,1578,1.0,943.5809526931328
16423,7479,1.0,306.877009567631
16423,7480,1.0,640.1919485674422
16424,1578,1.0,918.5640521030672
16424,7233,1.0,826.8421297907545
16424,7479,1.0,270.6104890744646
16424,7480,1.0,247.59299264793893
16424,14175,1.0,919.5520175726768
16425,7233,1.0,753.1314636905572
16425,7479,1.0,804.4216040310567
16425,7480,1.0,528.7260057577341
16425,14175,1.0,692.4479752129904
16427,7480,1.0,798.3331922901402
16427,14175,1.0,968.2900511155772
16437,1078,1.0,405.5834917763355
16437,2644,1.0,971.1124479469648
16437,12383,1.0,817.6731018322008
16437,16277,1.0,480.0555399939672
16437,24778,1.0,473.1615087922563
16438,1078,1.0,451.189346989854
16438,12383,1.0,767.4913736983929
16438,16277,1.0,415.9465915448427
16438,24778,1.0,506.2115895004748
16862,1634,1.0,483.60234497019
16862,3500,1.0,687.2232728072514
16862,15750,1.0,354.52028596921457
16863,1634,1.0,451.2149739505637
16863,3500,1.0,812.4386211853124
16863,15750,1.0,570.7302645282597
16864,1578,1.0,996.7774496264788
16864,1634,1.0,595.9034616624924
16864,15750,1.0,912.6527919932048
17305,4009,1.0,392.70962299916295
17352,1724,1.0,516.8957002793416
17468,25964,1.0,851.9231974037402
17794,20572,1.0,769.0995367040783
17794,39880,1.0,778.9953328038843
17902,6788,1.0,559.1086237848062
18046,3062,1.0,921.4617680193126
18046,17131,1.0,779.7019229027736
18050,7873,1.0,582.4236034617144
18112,6788,1.0,982.8879371746834
18114,6788,1.0,809.4830660806546
18115,6788,1.0,223.62440135752612
18230,17131,1.0,937.0465985413424
18393,1078,1.0,744.0417191195893
18393,12383,1.0,908.2343287325762
18393,16277,1.0,972.4195183776716
18393,24778,1.0,146.1197576338808
18415,3062,1.0,225.95783531708847
18415,8286,1.0,262.51043760718034
18415,17131,1.0,502.76186355205664
18543,7873,1.0,266.9960232533056
18591,14533,1.0,940.964918046819
18592,14533,1.0,741.3918377068483
18623,20572,1.0,923.0885728350032
18636,20572,1.0,768.893938897132
18644,39880,1.0,961.9585945845153
18645,20572,1.0,475.1898045670964
18645,39880,1.0,763.5046237450009
18683,37770,1.0,256.729335866999
18691,2869,1.0,217.72004642694503
18805,20572,1.0,421.97193928021176
18933,20572,1.0,405.11304444720304
18939,20572,1.0,661.9325365358405
18942,20572,1.0,482.2727346746353
18953,20572,1.0,296.97062490909514
19187,37770,1.0,600.3065511740357
19239,20572,1.0,995.3697182201169
19376,20572,1.0,893.7056843032215
19419,16277,1.0,853.0956593395314
19423,7479,1.0,354.0705938272709
19423,7480,1.0,698.7403232280294
19426,7233,1.0,485.2444847450212
19426,7479,1.0,613.756705281074
19426,7480,1.0,697.5423218990402
19426,14175,1.0,666.924627148548
19438,7233,1.0,970.6975865565274
19438,7479,1.0,719.2815017064252
19438,26236,1.0,678.4420311272676
19519,3062,1.0,822.6861100440997
19588,20572,1.0,770.0774741623214
19653,5635,1.0,324.8912331906029
19653,25003,1.0,321.56763373042287
19713,14533,1.0,934.421614961059
19837,12816,1.0,453.8436195593472
19851,12816,1.0,699.532400997153
19852,12816,1.0,702.1108836358969
19860,12816,1.0,194.65297950387827
19860,39880,1.0,577.0628592064542
19942,2869,1.0,508.0464481712284
20176,8864,1.0,723.1977877086234
20183,37770,1.0,755.718228674117
20218,37770,1.0,610.7604728343886
20241,25964,1.0,714.3591327435199
20242,25964,1.0,67.88561059341974
20281,20572,1.0,683.7632453102434
20294,2869,1.0,337.9943401053828
20295,2869,1.0,555.4453475018175
20297,28404,1.0,605.5272485100984
20395,8725,1.0,222.03495871593103
20396,8725,1.0,146.56332891613337
20411,1078,1.0,933.708766521166
20411,24778,1.0,320.85475672185026
20463,2869,1.0,797.5368392531568
20566,20572,1.0,90.41703527810348
20566,39880,1.0,914.5025888704142
20592,8864,1.0,615.4018175276805
20972,8276,1.0,848.0340094732218
21678,12816,1.0,315.50065734634734
21678,39880,1.0,468.79422337574925
21814,20572,1.0,985.2414356700884
21898,20572,1.0,793.9318028663288
21990,4009,1.0,808.3003176425574
22118,4009,1.0,558.1752718073425
22176,4009,1.0,230.3440359660134
22253,20572,1.0,910.3117633399772
22286,1634,1.0,596.4187529394375
22287,1578,1.0,787.2428158601418
22287,1634,1.0,929.6682108680452
22434,20572,1.0,876.821142781846
22452,1578,1.0,625.300995170689
22452,7480,1.0,729.3929743328513
22533,8864,1.0,773.5127300798706
22534,8864,1.0,47.86875253862903
22538,37770,1.0,616.9241464549101
22567,14175,1.0,906.0763886545602
22601,1078,1.0,996.3488538878372
22601,24778,1.0,391.1654497461223
22706,2265,1.0,954.6208788101246
22706,2644,1.0,566.6156038288262
22706,11377,1.0,748.0504976076304
22706,26217,1.0,949.7745258349238
22901,7233,1.0,829.7553205356725
22901,14175,1.0,644.9326346101284
22943,1083,1.0,666.2599288910743
22943,1295,1.0,772.3334656452467
22943,1299,1.0,857.4011674031042
22943,7694,1.0,729.8497141561246
22944,1083,1.0,501.6742938286761
22944,1295,1.0,604.1971192101882
22944,1299,1.0,689.2590754320737
22944,7694,1.0,892.3833956776093
22974,1078,1.0,915.014122728946
22974,12383,1.0,875.8452012722809
22974,24778,1.0,185.91962584093412
22987,1078,1.0,146.18288701064384
22987,2644,1.0,517.9628886053089
22987,3500,1.0,930.2037637901528
22987,11377,1.0,808.4823487366772
22987,16277,1.0,742.8876385339922
22987,24778,1.0,916.5859618695704
23010,14533,1.0,855.7338215372979
23015,14533,1.0,794.7867430819595
23031,14533,1.0,535.0949336791
23034,14533,1.0,600.3011534075
23057,1973,1.0,51.21326346655919
23082,7233,1.0,638.9329236997951
23082,7479,1.0,823.94600526956
23082,7480,1.0,585.6624594774062
23082,14175,1.0,577.0742037451691
23084,7233,1.0,788.0990459869164
23084,7480,1.0,828.5327476868273
23084,14175,1.0,641.0990274943507
23093,12816,1.0,515.4512174308392
23093,39880,1.0,335.7773627059908
23293,4009,1.0,538.186330317919
23311,4009,1.0,343.25319200256973
23318,4009,1.0,234.79604909855533
23332,4009,1.0,136.85338643937354
23415,12816,1.0,456.9911155025807
23415,39880,1.0,800.7098612932162
23428,1578,1.0,951.6984618595842
23428,1973,1.0,886.5024406124243
23429,1973,1.0,739.4669110978689
23442,4009,1.0,382.7428433215046
23443,4009,1.0,483.2521821112284
23560,1634,1.0,487.2786992226252
23560,3500,1.0,997.9835743530524
23560,15750,1.0,962.4351424374012
23631,3062,1.0,522.2242454063725
23631,8286,1.0,796.2462954537189
23631,17131,1.0,486.9886125591146
23633,8864,1.0,667.0320070000066
23640,8864,1.0,898.3682784970332
23645,37770,1.0,935.3583429568604
23739,14533,1.0,751.4384097663684
23796,12816,1.0,419.4229616762895
23796,39880,1.0,336.5947801325759
23863,14175,1.0,867.5593920556089
23865,14175,1.0,896.4264536243248
23866,14533,1.0,796.4619313095665
23871,14533,1.0,662.9283832253647
23875,14533,1.0,571.5203771061845
23887,1578,1.0,470.6214518025184
23887,7480,1.0,990.9781181971412
23951,14533,1.0,613.8671825462121
23953,7480,1.0,786.270846235467
23965,20572,1.0,460.9710214099342
24113,12816,1.0,260.4618464506756
24113,39880,1.0,772.0438181592644
24149,12816,1.0,333.7022263867642
24149,39880,1.0,365.9105628615644
24177,12816,1.0,902.2281623611758
24177,20572,1.0,878.9707517077203
24177,39880,1.0,408.806858112617
24186,1083,1.0,543.9857798000596
24186,1295,1.0,377.95348964157785
24186,1299,1.0,314.07516667551977
24186,26236,1.0,613.1189197313033
24232,1634,1.0,155.97824165062778
24232,3500,1.0,667.6925600150255
24232,11377,1.0,941.60088192004
24232,15750,1.0,710.1080105154376
24233,1634,1.0,123.4373204454553
24233,3500,1.0,635.0020479697735
24233,11377,1.0,910.9463308087664
24233,15750,1.0,682.4732199652706
24293,1724,1.0,734.2567220800901
24293,24778,1.0,749.4896627000228
24293,26359,1.0,876.08946965944
24294,1724,1.0,737.2613549857759
24294,24778,1.0,726.2423680726695
24294,26359,1.0,896.8279097799309
24303,12816,1.0,165.27491504853054
24303,39880,1.0,507.0917931221326
24307,12816,1.0,772.5151552974465
24651,20572,1.0,401.468951528837
24651,39880,1.0,984.2344731284086
24675,7233,1.0,932.4416361745102
24675,7479,1.0,184.7618272373212
24675,7480,1.0,464.0145464814868
24699,4009,1.0,512.3263349989794
24706,37770,1.0,386.23440895933015
24707,8864,1.0,447.77298259138615
24708,8864,1.0,250.47719685741652
24781,12816,1.0,263.21999084125605
24781,39880,1.0,638.5057840171321
25038,14533,1.0,436.5581848064978
25041,14533,1.0,897.2463559886208
25048,7233,1.0,947.185853160666
25048,14175,1.0,752.1075998260028
25164,3062,1.0,944.231310139121
25164,17131,1.0,721.0016130003751
25166,3062,1.0,837.9681327601876
25166,8286,1.0,975.453900852721
25166,17131,1.0,577.7044709888238
25208,22924,1.0,922.2685740992638
25637,5635,1.0,461.30122441907577
25637,25003,1.0,483.6211373337006
25835,5635,1.0,398.4723642929149
25835,25003,1.0,405.71388329022216
25840,20572,1.0,992.3455914415266
25901,1973,1.0,719.0774867130178
26047,37770,1.0,876.627825449285
26056,5239,1.0,656.8530576188359
26056,37770,1.0,746.7698849081441
26065,4009,1.0,298.37911546245806
26068,4009,1.0,774.6972303794074
26069,4009,1.0,869.6531285674587
26070,4009,1.0,721.3048386862201
26074,12816,1.0,696.9548095512945
26145,7873,1.0,215.21102319251284
26146,6788,1.0,650.889403063974
26242,20572,1.0,671.1388466487475
26242,39880,1.0,770.3094482371844
26263,7480,1.0,806.3722060322077
26264,14533,1.0,583.3784721681661
26273,14533,1.0,970.4153810368056
26274,14533,1.0,891.2846006246331
26278,1578,1.0,986.6334758957656
26278,7480,1.0,851.3331402229759
26289,7233,1.0,846.4211436542082
26289,7480,1.0,830.4512827292717
26289,14175,1.0,700.6888839570391
26297,14533,1.0,570.1866290814557
26376,14533,1.0,769.972326353196
26379,7233,1.0,591.6453701195222
26379,14175,1.0,495.583015548377
26381,7233,1.0,836.4695644041301
26381,14175,1.0,793.0748310346676
26645,28404,1.0,835.1777035005903
26645,36918,1.0,909.9064502729988
26775,4009,1.0,698.8320215461197
26792,4009,1.0,421.98230712789695
26821,5635,1.0,845.9368541425332
26821,25003,1.0,881.6403037549042
26822,5635,1.0,562.029206783675
26822,25003,1.0,595.8488017511006
26839,5635,1.0,625.0727640256176
26839,25003,1.0,646.321539759176
26857,5635,1.0,609.1639849610353
26857,25003,1.0,645.1128177394417
26858,5635,1.0,563.1486269763734
26858,25003,1.0,596.9064210134992
27026,28404,1.0,170.23373633360828
27026,36918,1.0,642.4015069158778
27044,14533,1.0,395.13506071993015
27045,1634,1.0,571.3134802157616
27045,1973,1.0,682.8026124675683
27045,3500,1.0,850.363145035822
27045,11377,1.0,956.799052406937
27133,26359,1.0,878.1614954095118
27270,37770,1.0,408.2978044480206
27476,14533,1.0,705.6741696290507
27584,7233,1.0,671.9384437874485
27584,14175,1.0,518.1822335510783
27586,1634,1.0,972.4076569343804
27586,1973,1.0,715.601098779536
27590,3500,1.0,774.4146866849665
27590,11377,1.0,552.6844928234888
27638,2265,1.0,764.3701064938786
27705,2265,1.0,533.1504780536059
27821,7694,1.0,773.0616988625611
27823,5635,1.0,967.6884449331548
27933,12816,1.0,934.6913218147564
28032,20572,1.0,606.5404123170412
28458,1634,1.0,260.6265019328599
28458,1973,1.0,929.9528326179952
28458,3500,1.0,679.7261452679643
28458,11377,1.0,890.3587580555416
28458,15750,1.0,861.8300070368817
28470,1634,1.0,200.3629022552649
28470,3500,1.0,379.2446295139259
28470,11377,1.0,612.3115586069989
28470,15750,1.0,638.573322186688
28510,1578,1.0,700.8727936900332
28510,7480,1.0,987.8750194019726
28637,1083,1.0,626.0924728657016
28637,1295,1.0,521.7122130776575
28637,1299,1.0,436.6589302274754
28637,7233,1.0,781.4506103746656
28637,14175,1.0,995.6150880846786
28637,26236,1.0,904.5207688296858
28677,1083,1.0,523.8151817681968
28677,1295,1.0,409.7389533618899
28677,1299,1.0,324.2700324906684
28677,7233,1.0,894.0632860493799
28677,26236,1.0,860.3928686733934
28680,7233,1.0,423.05599022624654
28680,7479,1.0,761.572746963386
28680,7480,1.0,856.769674495354
28680,14175,1.0,637.1873014420269
28681,1083,1.0,999.6202649936276
28681,1295,1.0,903.9461063451153
28681,1299,1.0,819.0147483801458
28681,7233,1.0,441.1600009536693
28681,14175,1.0,670.5748388319822
28685,1083,1.0,265.06744639751486
28685,1295,1.0,103.7452492450668
28685,1299,1.0,127.73941917484646
28685,26236,1.0,818.8860011447457
28689,1083,1.0,471.60017750047615
28689,1295,1.0,355.87279030136926
28689,1299,1.0,270.4458986153527
28689,7233,1.0,942.9834317428556
28689,26236,1.0,858.8764616640693
28690,1083,1.0,178.274448842382
28690,1295,1.0,207.8970237868756
28690,1299,1.0,293.4928412103375
28943,14533,1.0,957.5730171856432
28946,14533,1.0,674.4693696597196
28986,26217,1.0,637.5100005573906
28994,26217,1.0,553.424498151065
29090,7873,1.0,896.8650817659108
29111,1578,1.0,581.129970149038
29156,20572,1.0,992.3500165820038
29163,20572,1.0,935.4322707197836
29211,1634,1.0,313.07922276949296
29211,1973,1.0,882.077420920866
29211,3500,1.0,759.519889379441
29211,11377,1.0,973.225563001376
29211,15750,1.0,916.0273529355128
29361,1578,1.0,730.3963706490644
29632,12816,1.0,244.681479354222
29632,39880,1.0,794.0800274853283
29702,1634,1.0,776.0768754736096
29702,1973,1.0,579.6182382801086
29704,1634,1.0,986.595560561942
29704,1973,1.0,711.3032860087118
29705,1634,1.0,847.5508627925465
29705,1973,1.0,583.2699848417278
29706,7233,1.0,426.2131063285959
29706,14175,1.0,203.7148059626688
29719,7233,1.0,972.0140290698604
29719,14175,1.0,799.3738876349775
29909,26217,1.0,550.7484645882265
30122,1578,1.0,578.6917109391298
30122,7479,1.0,861.2251248496292
30122,7480,1.0,536.8028092371399
30198,1973,1.0,559.6648250623325
30431,1083,1.0,966.2073436327948
30431,7694,1.0,396.68884830200216
30437,12816,1.0,906.2695133477774
30466,12816,1.0,345.7028189832961
30466,39880,1.0,878.41525504684
30481,1634,1.0,851.5031066966561
30481,2644,1.0,879.5856671023719
30481,3500,1.0,528.3541146023508
30481,11377,1.0,293.3098701436997
30485,12816,1.0,776.0823272382165
30551,4009,1.0,631.6103624392163
30552,4009,1.0,633.7005954625042
30572,7233,1.0,973.7273317346152
30572,7480,1.0,802.3834323504735
30572,14175,1.0,840.4912288638611
30576,1973,1.0,721.3901736478421
30580,1973,1.0,630.3371463507693
30582,1973,1.0,840.2846594778223
30593,1083,1.0,459.5319251465416
30593,1295,1.0,622.6763107853507
30593,1299,1.0,691.5481322049533
30593,7694,1.0,953.544796019102
30600,1724,1.0,811.4317212250395
30600,12383,1.0,996.5431227611408
30600,24778,1.0,617.6245801071086
30600,26359,1.0,961.6304887602686
30601,1724,1.0,782.661408146279
30601,12383,1.0,946.5977454979078
30601,24778,1.0,594.2231421839053
30674,14533,1.0,359.6364627783108
32129,7233,1.0,896.2607097512833
32129,14175,1.0,681.2898503247603
32130,7233,1.0,922.542345598336
32130,14175,1.0,713.8339693179869
32140,14175,1.0,954.5071675862812
32144,14175,1.0,918.0353076797592
32179,1578,1.0,349.3196986585852
32179,7479,1.0,928.1375566400126
32179,7480,1.0,668.3335686597943
32213,26084,1.0,358.989030725028
32240,2869,1.0,906.04804414484
32343,1578,1.0,582.56631772913
32354,1578,1.0,405.7297747055396
32354,7480,1.0,907.448840994744
32828,1078,1.0,315.4099814896572
32828,2644,1.0,503.3209591330036
32828,3500,1.0,760.5140029573444
32828,11377,1.0,638.0050150934508
32828,15750,1.0,906.8019140248996
32828,16277,1.0,827.4725814278249
32993,4009,1.0,297.446899389524
32994,4009,1.0,296.58454316341243
32996,26356,1.0,310.7212127791769
33016,37770,1.0,915.19713793506
33023,1578,1.0,781.1958217684958
33023,7479,1.0,845.9225425377858
33023,7480,1.0,500.88139673252965
33024,1578,1.0,672.7560431236303
33024,7479,1.0,710.5787035902384
33024,7480,1.0,367.4798420354609
33189,7873,1.0,897.8693247537042
33327,7873,1.0,120.3236162572911
33345,7873,1.0,616.0744444846315
33349,7873,1.0,794.4440777025779
33411,7873,1.0,296.47332157930447
33413,7873,1.0,193.07860175478132
33430,7873,1.0,717.8967499551782
33458,8725,1.0,811.1172566628479
33464,5239,1.0,893.5151677241086
33464,37770,1.0,540.7507682837205
33468,7873,1.0,819.0388691877396
33469,7873,1.0,641.3784221841449
33479,7873,1.0,126.36372089765696
33485,7873,1.0,136.25174813358083
33567,7873,1.0,617.1211577055743
33577,7873,1.0,709.6267538941305
33579,7873,1.0,815.9660213077749
33882,1973,1.0,560.2997822967463
33884,1578,1.0,944.9352471502372
33884,1973,1.0,883.9172378317135
33928,8847,1.0,740.9170575957567
33931,8847,1.0,628.343168897934
33934,7873,1.0,970.2739121190948
33934,8847,1.0,863.8354380896941
33967,7873,1.0,797.2516446213667
33973,7873,1.0,668.4913968554439
33979,7873,1.0,420.9136893151432
34101,7873,1.0,292.0292075652135
34247,7873,1.0,899.9616848480788
34257,2265,1.0,985.3888735787128
34257,2644,1.0,911.8643299741188
34257,26217,1.0,521.4407168307808
34266,8847,1.0,561.805881173635
34278,7873,1.0,347.1777933238571
34328,2644,1.0,800.209220728625
34328,26217,1.0,133.2394587679802
34417,8847,1.0,903.6035582396772
34558,12816,1.0,936.185565980525
34716,4009,1.0,864.6547315508645
34750,8847,1.0,232.8686317725785
34885,8847,1.0,495.0516293519623
35432,1973,1.0,932.7715307329416
35513,8864,1.0,736.176765261736
35517,8864,1.0,582.1085005411377
35520,8864,1.0,695.0150745056601
35734,3062,1.0,379.90545366848346
35734,8286,1.0,639.5791865479187
35734,17131,1.0,664.3170261719584
36046,28404,1.0,223.49495606319303
36046,36918,1.0,803.1660551776481
36635,7873,1.0,685.6334286839704
36642,7873,1.0,503.1074329671725
36967,5635,1.0,822.4079004927937
36967,25003,1.0,863.9020591515224
36968,5635,1.0,785.3141344808871
36968,25003,1.0,823.0059863937569
36969,5635,1.0,785.835038603349
36969,25003,1.0,823.4911087574732
36979,30108,1.0,570.992708754322
37113,30108,1.0,955.343975793433
37118,30108,1.0,646.875905734704
37188,4009,1.0,752.6248739261125
37381,4009,1.0,807.0069856523174
38000,8847,1.0,951.4729745423348
38001,8847,1.0,950.182116907465
38821,7873,1.0,411.9179725266486
39040,7873,1.0,722.3227832280293
39060,4009,1.0,614.6629908596445
39138,14175,1.0,863.8358951696362
39714,12816,1.0,397.8116726536229
39714,39880,1.0,602.246799813638
39750,4009,1.0,63.78698431775706
39764,25964,1.0,919.9264489340236
39856,4009,1.0,957.3948982092852
40027,8847,1.0,589.6689987406143
40120,4009,1.0,996.8521689586444
40158,4009,1.0,558.410641221368
40167,4009,1.0,726.5263947935408
40368,8847,1.0,970.9551155735444
40372,8847,1.0,970.4540402198378
40381,4009,1.0,849.3032582097494
40392,4009,1.0,483.7301251543821
40607,1078,1.0,705.5846441520389
40607,2644,1.0,898.0758367013435
40607,24778,1.0,380.0916839959491
40607,26217,1.0,907.335100859862
40718,24778,1.0,832.925915885289
40718,26359,1.0,803.0018651763066
40732,30108,1.0,661.1082168707812
40856,1724,1.0,859.222232591629
40856,26359,1.0,586.9932527694485
40882,24778,1.0,848.7174594947135
40882,26359,1.0,758.2864494935518
40901,1078,1.0,770.3131043932801
40901,2644,1.0,813.0158047490077
40901,24778,1.0,578.0410600021816
40901,26217,1.0,710.9941267989465
40905,1078,1.0,842.1795814404944
40905,2644,1.0,792.5589037181263
40905,24778,1.0,701.2168055356307
40905,26217,1.0,592.0424085999165
40949,1078,1.0,830.112083643424
40949,2644,1.0,993.6387012622074
40949,24778,1.0,407.5278400794896
40949,26217,1.0,909.8209138465136
40950,1078,1.0,587.3187657220589
40950,2644,1.0,633.3857942171946
40950,24778,1.0,613.3550778489283
40950,26217,1.0,718.0069782597632
40951,1078,1.0,719.4094476233037
40951,2644,1.0,883.532574040179
40951,24778,1.0,417.5367205128625
40951,26217,1.0,870.2541050399415
40958,1078,1.0,615.0695399604525
40958,2644,1.0,729.8770533974309
40958,24778,1.0,519.7518566437172
40958,26217,1.0,786.7461528633323
40962,1078,1.0,577.0722995466145
40962,2644,1.0,618.9781131869713
40962,24778,1.0,622.3258284942758
40962,26217,1.0,716.3580630053178
41033,1078,1.0,694.3923845889028
41033,2644,1.0,679.2509844171234
41033,24778,1.0,656.2181383423105
41033,26217,1.0,641.1048116684631
41040,1078,1.0,763.6806596419075
41040,2644,1.0,746.3907945390968
41040,24778,1.0,654.5109490875292
41040,26217,1.0,632.9181538764768
41045,1078,1.0,932.2691323857448
41045,2644,1.0,940.5686291481704
41045,24778,1.0,645.7873996328095
41045,26217,1.0,696.3258469234087
1089,1080,1.0,551.8140821081226
1089,11899,1.0,849.3810789772317
1089,13561,1.0,466.1365614920436
1089,25806,1.0,833.8199790775275
1089,25807,1.0,822.2558219601908
1089,25808,1.0,843.5609630661997
1089,25809,1.0,857.425733192968
1089,25810,1.0,871.3618335758424
1089,25811,1.0,883.0491086322761
1089,25812,1.0,928.1059921899146
1089,25813,1.0,911.442878566734
1089,25814,1.0,898.2912674924929
1089,29115,1.0,903.6299448127636
1089,30129,1.0,481.5009642260033
1089,31177,1.0,968.1410762605816
1089,31178,1.0,917.0584987881804
1089,31179,1.0,909.9846320935652
1089,37198,1.0,473.7366787921064
1089,37199,1.0,477.5602874357908
1089,37200,1.0,429.6468234573762
1089,37201,1.0,430.9366070508032
1089,37697,1.0,450.8425955460178
1089,37698,1.0,449.1561790058962
1089,37699,1.0,443.3078352997717
1089,37700,1.0,441.81135479167847
1089,37701,1.0,436.9783905213424
1089,37702,1.0,434.38707860632985
1089,37703,1.0,433.6526332542074
1089,37704,1.0,425.2928011465609
1089,37705,1.0,422.3620872185112
1089,37706,1.0,421.81217165789417
1089,37707,1.0,445.2620698683235
1089,37708,1.0,443.3981138286815
1089,37709,1.0,449.8176557629288
1089,37710,1.0,456.2197401492968
1089,37711,1.0,457.9703860011905
1089,37712,1.0,459.78100716072834
1089,37713,1.0,461.7780183379873
1089,37714,1.0,461.8622292798783
1089,37715,1.0,458.84468817476375
1089,37716,1.0,456.73158351853857
1089,37717,1.0,452.90661360385445
1089,37718,1.0,453.2464485618089
1089,37719,1.0,461.0651347895279
1089,37720,1.0,459.3155730962608
1089,37721,1.0,446.12962001860194
1089,37722,1.0,449.878430221018
1089,37723,1.0,464.9593041725897
1089,37724,1.0,470.5439937871584
1089,37732,1.0,436.2944957983848
1089,37881,1.0,524.1695174924137
1089,37882,1.0,522.1088608299724
1089,37883,1.0,513.1520525453451
1089,37884,1.0,511.11909282448033
1089,37885,1.0,499.3845388512673
1089,37886,1.0,490.2497048034863
1089,37887,1.0,506.5602194611164
1089,37888,1.0,510.914904378179
1089,37889,1.0,534.0002051426962
1089,37890,1.0,533.6839989153963
1089,37891,1.0,527.2858202708152
1089,37892,1.0,508.02656359794497
1089,37893,1.0,489.7912557369475
1089,37894,1.0,530.4210035851816
1089,37895,1.0,522.60974193617
1089,37896,1.0,518.9178905213582
1089,37897,1.0,514.6489357447583
1089,37898,1.0,512.8442335886733
1089,37899,1.0,498.5342458067295
1089,37900,1.0,496.718762039382
1089,37901,1.0,487.8753225279025
1089,37902,1.0,486.5315448742845
1089,37903,1.0,495.95029657397566
1089,37904,1.0,496.3804022048016
1089,37905,1.0,486.8943756936504
1089,37906,1.0,488.1821922496343
1089,37907,1.0,502.23343091914586
1089,37908,1.0,531.119000013552
1089,37912,1.0,527.4691055683514
1089,37913,1.0,532.2739560946609
1089,40099,1.0,833.6499365416048
1089,40652,1.0,946.8664865959032
1089,40673,1.0,929.3822356639484
1089,40674,1.0,944.516365386658
1089,40675,1.0,955.7648997925872
1089,40678,1.0,935.155322986882
1354,27655,1.0,943.5765065623342
1354,27656,1.0,959.3089109207932
1354,27657,1.0,941.0441134959672
1354,27658,1.0,957.6123828824668
1354,27659,1.0,937.1961163871176
1354,27660,1.0,953.9252680126118
1354,27661,1.0,934.4947762252076
1354,27662,1.0,948.9345700254938
1354,27663,1.0,966.543858093032
1354,27664,1.0,947.1172467340972
1354,27665,1.0,963.1287608730892
1354,27666,1.0,983.1461219224756
1354,27668,1.0,981.1767383531896
1354,27669,1.0,990.0296985992676
1354,27670,1.0,985.3084263733514
1354,27671,1.0,983.330684773577
1354,27672,1.0,997.4740128415114
1354,27673,1.0,980.1967706012988
1354,27674,1.0,989.0428711003428
1354,27675,1.0,984.6864240217368
1354,27676,1.0,983.09484005198
1354,27677,1.0,995.4140012281008
1354,27678,1.0,978.744376701454
1354,27679,1.0,987.8735317178746
1354,27680,1.0,983.7025455275448
1354,27681,1.0,983.2671826691782
1354,27682,1.0,994.0784205320176
1354,27683,1.0,977.9047646979362
1354,27684,1.0,986.865622752948
1354,27685,1.0,983.0378605802148
1354,27686,1.0,982.6546640198754
1354,27687,1.0,992.7856374102628
1354,27688,1.0,986.464873879004
1354,27689,1.0,983.3489104477508
1354,27690,1.0,999.8795845913468
1354,27691,1.0,981.9158866413532
1354,27692,1.0,991.3293675353126
1354,27693,1.0,985.8098037808668
1354,27703,1.0,874.7676535594877
1354,27704,1.0,871.6836030794237
1354,27706,1.0,866.5640005466781
1354,27707,1.0,864.0322321920474
1354,27708,1.0,882.7923214654251
1354,27710,1.0,880.5143100779419
1354,29893,1.0,706.8262229577202
1354,29897,1.0,713.9804906728209
1354,29901,1.0,721.3871516036346
1354,29904,1.0,727.7238582971115
1354,29907,1.0,733.8681329942917
1354,29910,1.0,740.7699882527746
1354,30470,1.0,834.8835114303744
1354,30471,1.0,835.4751929392758
1354,30929,1.0,859.1266794643088
1354,30930,1.0,854.7552333892247
1354,30931,1.0,850.4105269639668
1354,30932,1.0,845.9425051325719
1354,30933,1.0,833.4115578248384
1354,34414,1.0,61.09202906439709
1354,40496,1.0,915.8016986773348
1354,40497,1.0,903.117586994094
1354,40498,1.0,905.2802347783196
1354,40499,1.0,918.200848483611
1354,40974,1.0,226.31367637113337
1354,40975,1.0,224.56130329543737
1354,40976,1.0,222.0277035291648
1354,40977,1.0,222.14694798260857
1354,40978,1.0,503.5203086463218
1354,40979,1.0,504.99565026905526
1354,40980,1.0,504.2676932720877
1354,40981,1.0,499.2756662176892
1354,40982,1.0,495.90588821070736
1354,40983,1.0,492.4176090281255
1354,40984,1.0,486.54886487932174
1354,40985,1.0,484.0785409099873
1354,40986,1.0,476.7542904966
1354,41019,1.0,647.6888166127867
1354,41020,1.0,645.7462817256576
1354,41021,1.0,643.053514139272
4306,24420,1.0,962.2020694493712
4306,24455,1.0,696.4971713989852
4306,24456,1.0,631.4009738938939
4306,24457,1.0,630.5334132748305
4306,24458,1.0,632.370762681705
4306,24459,1.0,636.8672717158656
4306,24460,1.0,636.9182743919454
4306,28545,1.0,577.5341832143166
4306,28548,1.0,591.6438034631668
4306,31626,1.0,706.2050429880152
4306,32183,1.0,987.9223800191306
4306,32724,1.0,163.45411067146048
4306,32725,1.0,157.62649642735474
4306,32726,1.0,167.48634250117007
4306,34404,1.0,534.3272012376929
4306,34405,1.0,538.0649625637454
4306,34406,1.0,568.0798402694204
4306,36612,1.0,297.445074183597
4306,36613,1.0,319.1891075929236
4306,36619,1.0,829.883096337625
4306,36620,1.0,821.7103907332331
4306,36621,1.0,817.3794048993304
4306,36622,1.0,810.7844911477812
4306,36830,1.0,287.54386003745736
4306,38480,1.0,996.906644127956
4306,38484,1.0,878.1408989682634
4565,17670,1.0,856.0357956634703
4565,27716,1.0,831.2145181807012
4565,27717,1.0,844.6261962816711
4565,27718,1.0,838.8270397162962
4565,27719,1.0,847.0118847916075
4565,27720,1.0,832.9870716911163
4565,28985,1.0,989.1925084514504
4565,28988,1.0,986.429488920968
4565,28989,1.0,982.6307999927049
4565,28990,1.0,980.071996084992
4565,30470,1.0,791.331064551185
4565,30471,1.0,790.3187917314092
4565,32032,1.0,991.5916969677728
4565,32040,1.0,989.9713786774472
4565,32750,1.0,522.1645318948816
4565,32751,1.0,525.5587975442097
4565,34369,1.0,988.1848082450374
4565,34370,1.0,992.492677636768
4565,34371,1.0,989.7262896842803
4565,34372,1.0,984.9043161990378
4565,34373,1.0,984.2174965768284
4565,34374,1.0,957.7389638345028
4565,34375,1.0,958.1616052634188
4565,34376,1.0,975.8559594408292
4565,34377,1.0,979.2960942470596
4565,34378,1.0,990.2272352095546
4565,34379,1.0,991.4931054918172
4565,34380,1.0,990.7506130036928
4565,34381,1.0,989.5584453923028
4565,34382,1.0,980.7463812789337
4565,34383,1.0,979.1873139580116
4565,34384,1.0,976.4245859807476
4565,34385,1.0,974.6637682020472
4565,34386,1.0,967.0200142521466
4565,34387,1.0,965.2001554319718
4565,34388,1.0,962.0356880617196
4565,34389,1.0,960.8912189061596
4565,34390,1.0,924.5880059801976
4565,34391,1.0,928.5296908784218
4565,34392,1.0,930.4489215814584
4565,34393,1.0,927.0783333108836
4565,34394,1.0,920.5106570126874
4565,34395,1.0,913.2289706646374
4565,34396,1.0,907.5163002538088
4565,34397,1.0,904.8323608069
4565,34398,1.0,903.7913251139817
4565,34399,1.0,908.3049105514264
4565,34400,1.0,913.340513795408